순위,상품코드,판매상품 ID,상품명,정가,판매가,할인율,적립율,적립예정포인트,인물,출판사,발행(출시)일자,분야
1,9791199489561,S000220308313,"세네카, 오늘을 빼앗기고 있는 당신에게","18,000","16,200",10%,5%,900,세네카,논픽션,20260701,인문
2,9791192559100,S000218278239,니체의 초월자,"16,900","15,210",10%,5%,840,프리드리히 니체,히읏,20251028,인문
3,9791199841109,S000221255753,군주론 : 쇼츠 에디션,"19,200","17,280",10%,5%,960,니콜로 마키아벨리,어센딩,20260914,인문
4,9791193282045,S000212414274,쇼펜하우어 인생수업(30만 부 기념 개정증보판),"17,500","15,750",10%,5%,870,쇼펜하우어,하이스트,20240220,인문
5,9791138934428,S000218674965,"2026 큰별쌤 최태성의 별별한국사 한국사능력검정시험 심화(1,2,3급)(상)","19,000","17,100",10%,5%,950,최태성,이투스북,20251209,인문
6,9791124248584,S000220923864,옥스브리지의 철학 수업,"28,000","25,200",10%,5%,"1,400",고요엘,상상스퀘어,20260902,인문
7,9791173327964,S000221141961,리더는 언제 차이를 만들어내는가,"24,800","22,320",10%,5%,"1,240",재레드 다이아몬드,김영사,20260915,인문
8,9791138934459,S000218781780,"2026 큰별쌤 최태성의 별별한국사 기출 500제 한국사능력검정시험 심화(1,2,3급)","22,000","19,800",10%,5%,"1,100",최태성,이투스북,20251216,인문
9,9791138934442,S000218674985,"2026 큰별쌤 최태성의 별별한국사 한국사능력검정시험 심화(1,2,3급)(하)","18,500","16,650",10%,5%,920,최태성,이투스북,20251209,인문
10,9791124248515,S000220588967,문해내공,"25,000","22,500",10%,5%,"1,250",신종호 외,상상스퀘어,20260812,인문
11,9791139721973,S000216292200,오디세이아(고대 그리스어 완역본),"27,000","24,300",10%,5%,"1,350",호메로스,현대지성,20250418,인문
12,9791187142379,S000001897778,명상록,"12,000","10,800",10%,5%,600,마르쿠스 아우렐리우스,현대지성,20180402,인문
13,9791124038833,S000221270868,처음 만나는 철학의 세계,"22,000","19,800",10%,5%,"1,100",성창원,북플레저,20260916,인문
14,9791199972001,S000221329727,사회부적응자들을 위한 금지된 자기계발서,"22,000","19,800",10%,5%,"1,100",다니엘 최,사운드미디어,20260930,인문
15,9791198632401,S000212169901,당신의 분노에는 이유가 있다,"17,800","16,020",10%,5%,890,충페이충,더페이지,20240310,인문
16,9788932476469,S000220694725,오뒷세이아,"25,000","22,500",10%,5%,"1,250",호메로스,을유문화사,20260810,인문
17,9791199903432,S000220665243,칼 융의 내면수업,"18,000","16,200",10%,5%,900,강이안,필로틱,20260818,인문
18,9791192372730,S000215877577,위버멘쉬,"17,800","16,020",10%,5%,890,프리드리히 니체,떠오름(RISE),20250314,인문
19,9791130682556,S000220700198,칵테일을 마시는 철학자들,"26,000","23,400",10%,5%,"1,300",사라 베이크웰,다산초당,20260730,인문
20,9791192372792,S000220497730,일 마키아벨리,"17,800","16,020",10%,5%,890,니콜로 마키아벨리,떠오름,20260707,인문
21,9791138932943,S000216796440,"큰별쌤 최태성의 별별한국사 시대별 기출문제집 한국사능력검정시험 심화(1,2,3급)","19,700","17,730",10%,5%,980,최태성,이투스북,20250611,인문
22,9791139728002,S000217919065,손자병법,"13,000","11,700",10%,5%,650,손자,현대지성,20251014,인문
23,9791199889378,S000221152611,내 인생이 왜 당신 마음에 들어야 합니까,"18,000","16,200",10%,5%,900,김경일,퍼스트펭귄,20260909,인문
24,9791198754080,S000217115740,다크 심리학(20만 부 한정판 스페셜 에디션),"21,900","19,710",10%,5%,"1,090",다크 사이드 프로젝트,어센딩,20260522,인문
25,9788931027068,S000220350342,사랑의 기술,"18,800","16,920",10%,5%,940,에리히 프롬,문예출판사,20260710,인문
26,9791124248171,S000219182450,인생을 위한 최소한의 생각,"19,800","17,820",10%,5%,990,신영준 외,상상스퀘어,20260225,인문
27,9788965138310,S000220429584,유럽 도시 기행 3,"18,900","17,010",10%,5%,940,유시민,생각의길,20260709,인문
28,9788934972464,S000000597165,사피엔스,"26,800","24,120",10%,5%,"1,340",유발 하라리,김영사,20230401,인문
29,9791192559957,S000220693855,그라시안의 사람을 읽는 눈,"17,900","16,110",10%,5%,890,김철,히읏,20260729,인문
30,9788901300283,S000220622303,독성 인간,"21,000","18,900",10%,5%,"1,050",리앤 텐 브링크,웅진지식하우스,20260724,인문
31,9791124656037,S000220587500,나는 왜 네 말이 힘들까,"22,000","19,800",10%,5%,"1,100",박재연,한빛라이프,20260725,인문
32,9791193282243,S000216453220,쇼펜하우어 인생수업 2: 한 번뿐인 삶 이렇게 살아라,"17,500","15,750",10%,5%,870,쇼펜하우어,하이스트,20250613,인문
33,9791167743091,S000220293112,사고외주,"15,000","13,500",10%,5%,750,홍진기,어크로스,20260622,인문
34,9791168340770,S000200555616,미움받을 용기(200만 부 기념 스페셜 에디션),"15,900","14,310",10%,5%,790,기시미 이치로 외,인플루엔셜,20221228,인문
35,9791169666602,S000220453690,한능검 한정판,"26,000","23,400",10%,1%,260,문동균,에스티유니타스,20260708,인문
36,9791168273993,S000219055042,명상록,"18,000","16,200",10%,5%,900,마르쿠스 아우렐리우스,오아시스,20260130,인문
37,9788934933878,S000214078939,팩트풀니스(50만 부 뉴에디션),"23,800","21,420",10%,5%,"1,190",한스 로슬링 외,김영사,20240901,인문
38,9791171711673,S000212753904,하루 한 장 나의 어휘력을 위한 필사 노트,"23,800","21,420",10%,5%,"1,190",유선경,위즈덤하우스,20240328,인문
39,9791197977046,S000202596964,여덟 단어,"17,000","15,300",10%,5%,850,박웅현,인티앤,20230615,인문
40,9791194140177,S000221283299,관찰 연습,"17,800","16,020",10%,5%,890,니콜라 노바,책사람집,20260914,인문
41,9788972917038,S000001128568,소유냐 존재냐,"15,000","13,500",10%,5%,750,에리히 프롬,까치,20260520,인문
42,9791139721942,S000216298636,일리아스·오디세이아 세트(고대 그리스어 완역본),"55,000","49,500",10%,5%,"2,750",호메로스,현대지성,20250418,인문
43,9791185121505,S000213901918,비폭력대화,"20,000","18,000",10%,5%,"1,000",마셜 B. 로젠버그,한국NVC출판사,20240805,인문
44,9791193506516,S000213310247,초역 부처의 말,"17,800","16,020",10%,5%,890,코이케 류노스케,포레스트북스,20240530,인문
45,9791199849327,S000221284577,주의를 기울이는 법,"21,000","18,900",10%,5%,"1,050",롭 워커,마주,20260921,인문
46,9791194812296,S000220734695,"번아웃 직전, 맹자를 만났다","19,800","17,820",10%,5%,990,판덩,이든서재,20260820,인문
47,9791171715374,S000218301299,하루 한 장 나의 표현력을 위한 필사 노트(피너츠 에디션),"23,800","21,420",10%,5%,"1,190",유선경,위즈덤하우스,20251105,인문
48,9791166817878,S000001847944,군주론(무삭제 완역본),"7,700","6,930",10%,5%,380,니콜로 마키아벨리,현대지성,20210726,인문
49,9791169852241,S000221108742,유손생의 수어 일력 365,"24,000","21,600",10%,5%,"1,200",유슬기,페이지2북스,20260909,인문
50,9791198754097,S000219545519,다크 심리학 2,"24,200","21,780",10%,5%,"1,210",다크 사이드 프로젝트,어센딩,20260424,인문
51,9788927775683,S000218844929,원큐패스 11일에 완성하는 서경석의 다이어트 한국사능력검정시험 심화(1·2·3급),"20,000","18,000",10%,5%,"1,000",서경석,다락원,20260105,인문
52,9791193282908,S000221031495,부처 인생수업: 2500년 동안 내려온 삶의 지혜,"18,800","16,920",10%,5%,940,부처,하이스트,20260825,인문
53,9791198409690,S000220279442,니체와 함께 지적 대화를,"18,800","16,920",10%,5%,940,양원근,리미트리스,20260623,인문
54,9791124038413,S000219732915,품격 있는 대화를 위한 지식 브리핑,"25,000","22,500",10%,5%,"1,250",김진,북플레저,20260506,인문
55,9791199383074,S000219310977,완벽한 원시인,"22,000","19,800",10%,5%,"1,100",자청,필로틱,20260311,인문
56,9791192300818,S000208779631,마흔에 읽는 쇼펜하우어,"17,000","15,300",10%,5%,850,강용수,유노북스,20251204,인문
57,9791194877004,S000216507670,질문의 격,"17,800","16,020",10%,5%,890,유선경,앤의서재,20250525,인문
58,9791194530213,S000216001919,초역 부처의 말 필사집,"22,000","19,800",10%,5%,"1,100",코이케 류노스케,포레스트북스,20250319,인문
59,9791194330424,S000214465905,넥서스,"27,800","25,020",10%,5%,"1,390",유발 하라리,김영사,20241011,인문
60,9791171175864,S000213326678,행복의 기원,"22,000","19,800",10%,5%,"1,100",서은국,21세기북스,20240522,인문
61,9791193401583,S000218576850,최소한의 삼국지(최소한의 교양 수업 시리즈),"19,500","17,550",10%,5%,970,최태성,프런트페이지,20251118,인문
62,9791138924405,S000212909348,"큰별쌤 최태성의 별별한국사 7일의 기적 한국사능력검정시험 심화(1, 2, 3급)(2026)","16,500","14,850",10%,5%,820,최태성,이투스북,20240403,인문
63,9788978496629,S000061584236,초역 니체의 말,"15,800","14,220",10%,5%,790,프리드리히 니체,삼호미디어,20220829,인문
64,9788937834790,S000000625441,정의란 무엇인가,"18,000","16,200",10%,5%,900,마이클 샌델,와이즈베리,20141120,인문
65,9791190194297,S000221152306,편집장과 책을 씁니다,"18,000","16,200",10%,5%,900,조기준,아토북(Atto Book),20260911,인문
66,9791130682709,S000221062760,어제의 세계,"33,000","29,700",10%,5%,"1,650",슈테판 츠바이크,다산초당,20260828,인문
67,9791124649640,S000220700581,내면혁명(2.알베르 카뮈),"17,800","16,020",10%,5%,890,알베르 카뮈,이너스북스,20260810,인문
68,9791199854710,S000220587643,인생에 단어가 스며드는 순간,"22,000","19,800",10%,5%,"1,100",황선엽,빛의서가,20260729,인문
69,9791124649114,S000220222274,세상이 정한 실패가 내 인생의 실패는 아니다,"17,800","16,020",10%,5%,890,사마천,ORIGIN,20260616,인문
70,9788932920306,S000000582065,늦깎이 천재들의 비밀,"25,000","22,500",10%,5%,"1,250",데이비드 엡스타인,열린책들,20200510,인문
71,9791190313186,S000001938774,지적 대화를 위한 넓고 얕은 지식 1,"19,000","17,100",10%,5%,950,채사장,웨일북(whalebooks),20200205,인문
72,9791190182560,S000001937018,인간 본성의 법칙 (리커버:K),"38,000","34,200",10%,5%,"1,900",로버트 그린,위즈덤하우스,20190729,인문
73,9788932027265,S000000570071,"사람, 장소, 환대","16,000","14,400",10%,5%,800,김현경,문학과지성사,20150331,인문
74,9791124497159,S000220922289,나에게 분명 문제가 있습니다,"22,000","19,800",10%,5%,"1,100",데이비드 J. 리버만,서교책방,20260819,인문
75,9791136041586,S000220273634,2027 에듀윌 KBS한국어능력시험 한권끝장+무료특강,"35,000","31,500",10%,5%,"1,750",송주연 외,에듀윌,20260623,인문
76,9791167742063,S000216514478,경험의 멸종,"19,800","17,820",10%,5%,990,크리스틴 로젠,어크로스,20250520,인문
77,9791191535174,S000216453237,제자리에 있다는 것,"16,800","15,120",10%,5%,840,클레르 마랭,에디투스,20250512,인문
78,9791130689890,S000001687471,내가 틀릴 수도 있습니다,"18,000","16,200",10%,5%,900,비욘 나티코 린데블라드,다산초당,20240108,인문
79,9791164136452,S000001826105,공정하다는 착각,"18,000","16,200",10%,5%,900,마이클 샌델,와이즈베리,20201201,인문
80,9791187142591,S000001897790,논어(무삭제 완역본),"12,000","10,800",10%,5%,600,공자,현대지성,20181001,인문
81,9791169087537,S000220923166,기대의 감각,"18,000","16,200",10%,5%,900,김지용,오리지널스,20260819,인문
82,9791173578601,S000219435754,이향인,"16,900","15,210",10%,5%,840,라미 카민스키,21세기북스,20260325,인문
83,9791171831432,S000218090228,쇼펜하우어 X 니체 필사책,"20,000","18,000",10%,5%,"1,000",아르투어 쇼펜하우어 외,유노북스,20250930,인문
84,9791139725636,S000217164649,인생의 짧음에 대하여,"17,500","15,750",10%,5%,870,루키우스 안나이우스 세네카,현대지성,20250801,인문
85,9791130698366,S000201321509,아비투스(양장특별판),"22,000","19,800",10%,5%,"1,100",도리스 메르틴,다산초당,20230324,인문
86,9791190313193,S000001938775,지적 대화를 위한 넓고 얕은 지식 2,"19,000","17,100",10%,5%,950,채사장,웨일북(whalebooks),20200205,인문
87,9791187142676,S000001897793,도덕경(무삭제 완역본),"12,000","10,800",10%,5%,600,노자,현대지성,20190102,인문
88,9788991290099,S000001470191,명상록,"13,000","11,700",10%,5%,650,마르쿠스 아우렐리우스,숲,20161201,인문
89,9788932027838,S000000570122,에로스의 종말,"14,000","12,600",10%,5%,700,한병철 외,문학과지성사,20151005,인문
90,9788991290150,S000001470197,오뒷세이아,"33,000","29,700",10%,5%,"1,650",호메로스,숲,20150910,인문
91,9788937833663,S000000625342,돈으로 살 수 없는 것들,"18,000","16,200",10%,5%,900,마이클 샌델,와이즈베리,20120424,인문
92,9791176612821,S000221231084,사고의 품격,"28,000","25,200",10%,5%,"1,400",투리 문테,21세기북스,20260909,인문
93,9788936481650,S000220938761,당신과 내가 대화할 수 있을까,"20,000","18,000",10%,5%,"1,000",정희진,창비,20260820,인문
94,9791173492396,S000219815249,2027 김영북스 공부돼지 벼락치기 한능검 한국사능력검정시험 심화(1·2·3급),"29,000","26,100",10%,5%,"1,450",이루리,김영북스,20260511,인문
95,9791136040640,S000218881829,2026 에듀윌 임상심리사 2급 실기 주제별×회차별 기출문제집,"23,000","20,700",10%,5%,"1,150",진성오 외,에듀윌,20260105,인문
96,9791191369717,S000217594425,왜 당신은 태도가 아니라 인생을 탓하는가,"16,000","14,400",10%,5%,800,고윤(페이서스 코리아),딥앤와이드,20251014,인문
97,9791194530398,S000216716900,단 한 줄만 내 마음에 새긴다고 해도,"23,800","21,420",10%,5%,"1,190",나민애,포레스트북스,20250611,인문
98,9788937489143,S000000621241,스토리텔링 애니멀,"22,000","19,800",10%,5%,"1,100",조너선 갓셜,민음사,20140425,인문
99,9791170614197,S000221361847,오래 곁에 두어 좋은 말,"18,800","16,920",10%,5%,940,나민애,북다,20261009,인문
100,9791124248652,S000221327640,읽는 인간,"19,500","17,550",10%,5%,970,오에 겐자부로,상상스퀘어,20260930,인문
1,9791124038826,S000221075112,머니 트렌드 2027,"27,500","24,750",10%,5%,"1,370",정태익 외,북모먼트,20260916,경제/경영
2,9791176881364,S000221231718,판매의 법칙,"22,000","19,800",10%,5%,"1,100",김주환,모티브,20260915,경제/경영
3,9791170614166,S000221108246,시대예보: 수고인류의 시간,"22,000","19,800",10%,5%,"1,100",송길영,교보문고,20260916,경제/경영
4,9791124370742,S000221338065,온라인 건물주의 정석 네이버 블로그 편,"49,000","44,100",10%,5%,"2,450",알파남(김지수),모티브,20260923,경제/경영
5,9791199489134,S000221361394,돈의 흐름을 읽는 최소한의 경제 공부,"18,800","16,920",10%,5%,940,김선율(김멘사),리미트리스,20260918,경제/경영
6,9791124073483,S000221151022,트렌드 코리아 2027,"22,000","19,800",10%,5%,"1,100",김난도 외,미래의창,20260930,경제/경영
7,9791193904435,S000220119415,나의 첫 번째 부동산 교과서,"23,000","20,700",10%,5%,"1,150",송희구,서삼독,20260623,경제/경영
8,9788925568218,S000221262579,클릭 히어,"28,000","25,200",10%,5%,"1,400",알렉스 슐츠,알에이치코리아,20260920,경제/경영
9,9791168343443,S000218942259,돈의 심리학(50만 부 기념 뉴 에디션),"24,800","22,320",10%,5%,"1,240",모건 하우절,인플루엔셜,20260114,경제/경영
10,9791194322313,S000220861137,찰리 멍거 바이블 완결판,"30,000","27,000",10%,5%,"1,500",김재현 외,에프엔미디어,20260820,경제/경영
11,9791194979791,S000218315395,부자 아빠 투자 불변의 법칙,"20,000","18,000",10%,5%,"1,000",타짱,큰숲,20251031,경제/경영
12,9791155815656,S000200472901,마케팅 설계자,"24,800","22,320",10%,5%,"1,240",러셀 브런슨,윌북,20221230,경제/경영
13,9791199798144,S000220452240,독하게 돈 공부,"23,000","20,700",10%,5%,"1,150",박소연,메이븐,20260710,경제/경영
14,9791192519883,S000209182287,"돈, 뜨겁게 사랑하고 차갑게 다루어라","15,000","13,500",10%,5%,750,앙드레 코스톨라니,미래의창,20230921,경제/경영
15,9791124248607,S000220996224,이효석의 21세기 투자법,"25,000","22,500",10%,5%,"1,250",이효석,상상스퀘어,20260909,경제/경영
16,9791124248256,S000219568490,"AI, 신의 탄생 인간의 종말","22,000","19,800",10%,5%,"1,100",엘리에저 유드코스키 외,상상스퀘어,20260408,경제/경영
17,9791193904824,S000220693861,"살 것인가, 팔 것인가, 버틸 것인가 Buy Sell Hold","28,000","25,200",10%,5%,"1,400",목대균,서삼독,20260827,경제/경영
18,9791188331796,S000001913217,돈의 속성(400쇄 리커버에디션),"17,800","16,020",10%,5%,890,김승호,스노우폭스북스,20200615,경제/경영
19,9791158513658,S000220923721,인생을 바꾸는 투자학개론,"24,000","21,600",10%,5%,"1,200",한정수,토네이도,20260826,경제/경영
20,9791168342941,S000216900602,박곰희 연금 부자 수업,"21,000","18,900",10%,5%,"1,050",박곰희,인플루엔셜,20250625,경제/경영
21,9788957365793,S000000848997,자본주의,"22,000","19,800",10%,5%,"1,100",EBS 자본주의 제작팀,가나출판사,20130927,경제/경영
22,9791124591048,S000220119843,부의 갈림길,"27,000","24,300",10%,5%,"1,350",오건영,포레스트북스,20260610,경제/경영
23,9788934981213,S000000597589,생각에 관한 생각,"29,800","26,820",10%,5%,"1,490",대니얼 카너먼,김영사,20180330,경제/경영
24,9791194353690,S000220988566,돈의 역류 2027년 경제전망,"20,000","18,000",10%,5%,"1,000",김광석,이든하우스,20260916,경제/경영
25,9791124011157,S000221337462,부동산 트렌드 2027,"25,000","22,500",10%,5%,"1,250",김경민 외,와이즈맵,20260930,경제/경영
26,9791198517425,S000212321676,불변의 법칙,"25,000","22,500",10%,5%,"1,250",모건 하우절,서삼독,20240228,경제/경영
27,9791130697246,S000200940784,레버리지,"18,000","16,200",10%,5%,900,롭 무어,다산북스,20230215,경제/경영
28,9791199380998,S000221336859,부의 인간학,"19,800","17,820",10%,5%,990,이혜정 Roni H. Rhee,퍼스트북스,20260831,경제/경영
29,9791196851200,S000001981341,부의 인문학(20만부 기념 개정증보판),"17,000","15,300",10%,5%,850,우석,오픈마인드,20240125,경제/경영
30,9791199032316,S000221380279,브랜드가 된 리더,"24,000","21,600",10%,5%,"1,200",피채희,이니티오,20260930,경제/경영
31,9791130683614,S000221328269,주도주 함부로 팔지 마라,"22,000","19,800",10%,5%,"1,100",한지영,다산북스,20260917,경제/경영
32,9791124629215,S000221109370,AI로 변화하는 일의 감각,"19,800","17,820",10%,5%,990,김성준,포르체,20260902,경제/경영
33,9791193394748,S000217259373,나의 투자술,"25,000","22,500",10%,5%,"1,250",기요하라 다쓰로,이레미디어,20250910,경제/경영
34,9791193869505,S000221263894,금융의 종말,"29,000","26,100",10%,5%,"1,450",오태민 외,거인의정원,20260917,경제/경영
35,9791193394984,S000220037161,시장의 마법사들,"30,000","27,000",10%,5%,"1,500",잭 슈웨거,이레미디어,20260603,경제/경영
36,9791158513665,S000221109750,미래를 바꿀 7개의 메가트렌드에 올라타라,"23,000","20,700",10%,5%,"1,150",테크피드,토네이도,20260909,경제/경영
37,9791124637166,S000220567836,부의 곡선,"27,000","24,300",10%,5%,"1,350",안유화,경이로움,20260831,경제/경영
38,9791198698759,S000221063027,도쿄 프로듀서,"27,000","24,300",10%,5%,"1,350",야마모토 가즈히코,인벨로프,20260824,경제/경영
39,9788957822678,S000220340144,전설로 떠나는 월가의 영웅,"36,000","32,400",10%,5%,"1,800",피터 린치 외,국일증권경제연구소,20260801,경제/경영
40,9791193904671,S000218941425,돈의 방정식,"28,000","25,200",10%,5%,"1,400",모건 하우절,서삼독,20260116,경제/경영
41,9788991378261,S000001473306,최고의 주식 최적의 타이밍,"19,800","17,820",10%,5%,990,윌리엄 J. 오닐,굿모닝북스,20120625,경제/경영
42,9791124649947,S000221074129,절세미녀가 알려주는 우리 아이 부자 세팅법,"25,000","22,500",10%,5%,"1,250",김희연,모티브,20260904,경제/경영
43,9791193904312,S000216042606,저스트킵바잉,"25,000","22,500",10%,5%,"1,250",닉 매기울리,서삼독,20250328,경제/경영
44,9788934911388,S000214614967,가난한 찰리의 연감,"33,000","29,700",10%,5%,"1,650",찰리 멍거,김영사,20241108,경제/경영
45,9791192519906,S000208720003,실전 투자강의,"15,000","13,500",10%,5%,750,앙드레 코스톨라니,미래의창,20230915,경제/경영
46,9791161374253,S000219337366,세법개론 2(2026),"36,000","35,640",1%,3%,"1,080",임상엽 외,상경사,20260801,경제/경영
47,9791140716999,S000219079916,주식투자 무작정 따라하기(2026),"25,000","22,500",10%,5%,"1,250",윤재수,길벗,20260130,경제/경영
48,9788947547567,S000000696161,제로 투 원(10주년 기념판),"18,000","16,200",10%,5%,900,피터 틸 외,한국경제신문,20250418,경제/경영
49,9788962604658,S000000970535,투자에 대한 생각,"15,000","13,500",10%,5%,750,하워드 막스,비즈니스맵,20120928,경제/경영
50,9791124629277,S000221329731,50부터 시작하는  은퇴 후 월급 만드는 부동산,"21,000","18,900",10%,5%,"1,050",김학렬 in 스마트튜브,포르체,20260923,경제/경영
51,9791162545034,S000221194322,짐 크레이머의 시장을 이기는 투자,"23,000","20,700",10%,5%,"1,150",짐 크레이머,비즈니스북스,20260914,경제/경영
52,9791199691469,S000221075499,ETF 투자 혁명,"19,800","17,820",10%,5%,990,도세 도시로,북웨이브,20260909,경제/경영
53,9791124863015,S000220774539,대한민국 부의 감각,"22,000","19,800",10%,5%,"1,100",터보832,체인지업,20260907,경제/경영
54,9791175230569,S000220860922,리테일 바이블 2030,"22,000","19,800",10%,5%,"1,100",리테일 소사이어티,북스톤,20260831,경제/경영
55,9791130682815,S000220781163,ETF 투자 5일 완성,"23,000","20,700",10%,5%,"1,150",최고민수(박민수),다산북스,20260813,경제/경영
56,9791193282533,S000218687476,자본주의 시대에서 살아남기 위한 최소한의 경제 공부,"28,000","25,200",10%,5%,"1,400",백억남(김욱현),하이스트,20251204,경제/경영
57,9791138486804,S000217917233,꿈과 돈,"18,800","16,920",10%,5%,940,니시노 아키히로,소미미디어,20251001,경제/경영
58,9788932474403,S000000576570,포지셔닝(40주년 기념 스페셜 에디션),"15,000","13,500",10%,5%,750,잭 트라우트 외,을유문화사,20210330,경제/경영
59,9788919205013,S000000455944,돈,"16,700","15,030",10%,5%,830,보도 섀퍼,에포케,20110515,경제/경영
60,9788955336849,S000221381679,RWA 시대: 전통금융과 블록체인의 만남,"23,000","20,700",10%,5%,"1,150",박홍남,새로운제안,20261019,경제/경영
61,9791175780460,S000221142625,반도체 패권 지도,"23,000","20,700",10%,5%,"1,150",일본경제신문사,부키,20260909,경제/경영
62,9791141618865,S000221163014,아웃사이드인,"18,500","16,650",10%,5%,920,이명우,콜라주,20260907,경제/경영
63,9791193780381,S000220716759,달러 연금 수업,"20,000","18,000",10%,5%,"1,000",최혜실,지음미디어,20260814,경제/경영
64,9791175911093,S000220492284,주식의 시대,"19,000","17,100",10%,5%,950,EBS 다큐프라임 〈주식의 시대〉 제작진,위즈덤하우스,20260729,경제/경영
65,9791161374246,S000219337221,세법개론 1(2026),"36,000","35,640",1%,3%,"1,080",임상엽 외,상경사,20260305,경제/경영
66,9791194880455,S000219211625,"AI 제국: 권력, 자본, 노동","28,800","25,920",10%,5%,"1,440",카렌 하오,생각의힘,20260227,경제/경영
67,9791140717064,S000219023124,부동산 경매 무작정 따라하기,"25,000","22,500",10%,5%,"1,250",이현정,길벗,20260130,경제/경영
68,9791175230088,S000217395322,실패를 통과하는 일,"20,000","18,000",10%,5%,"1,000",박소령,북스톤,20250919,경제/경영
69,9791193081167,S000217419135,사업의 철학(10주년 기념판),"21,000","18,900",10%,5%,"1,050",마이클 거버,라이팅하우스,20250915,경제/경영
70,9788962626667,S000217325457,"AGI, 천사인가 악마인가","18,000","16,200",10%,5%,900,김대식,동아시아,20250818,경제/경영
71,9791192519890,S000210866003,투자는 심리게임이다,"15,000","13,500",10%,5%,750,앙드레 코스톨라니,미래의창,20231110,경제/경영
72,9788901260679,S000061350430,넛지(파이널 에디션),"22,000","19,800",10%,5%,"1,100",리처드 탈러 외,리더스북,20220620,경제/경영
73,9791187444725,S000001901955,부의 추월차선(10주년 스페셜 에디션),"17,500","15,750",10%,5%,870,엠제이 드마코,토트,20220204,경제/경영
74,9791165795788,S000001840611,라오어의 미국주식 무한매수법,"16,000","14,400",10%,5%,800,라오어,알키,20210602,경제/경영
75,9788901092942,S000000403822,권력의 법칙,"28,000","25,200",10%,5%,"1,400",로버트 그린 외,웅진지식하우스,20090302,경제/경영
76,9791124789087,S000221280414,금지된 거래의 경제학,"32,000","28,800",10%,5%,"1,600",앨빈 로스,생각의힘,20261001,경제/경영
77,9791175230576,S000221189781,2027 트렌드 노트,"22,000","19,800",10%,5%,"1,100",박현영 외,북스톤,20260930,경제/경영
78,9791157848980,S000221328180,추세추종 매수매도 바이블,"25,000","22,500",10%,5%,"1,250",올투,한빛비즈,20260928,경제/경영
79,9791141617240,S000221337467,오늘의 감각,"22,000","19,800",10%,5%,"1,100",김미경,문학동네,20260923,경제/경영
80,9791199747388,S000221339941,"넥스트 엔비디아, 투자의 미래","23,000","20,700",10%,5%,"1,150",송종호,노티스,20260921,경제/경영
81,9791140720316,S000221109103,2027 대한민국 트렌드,"20,000","18,000",10%,5%,"1,000",조성호,길벗,20260914,경제/경영
82,9791139724363,S000221151797,카피라이팅 불변의 법칙,"25,000","22,500",10%,5%,"1,250",로버트 W. 블라이,현대지성,20260909,경제/경영
83,9791124226179,S000220788317,AI 시대의 마케팅 브레인,"22,000","19,800",10%,5%,"1,100",김지헌,갈매나무,20260828,경제/경영
84,9788935215164,S000220589311,위대한 경영의 12가지 조건,"30,000","27,000",10%,5%,"1,500",갤럽 외,청림출판,20260811,경제/경영
85,9791172102111,S000220307312,더 골 1,"24,000","21,600",10%,5%,"1,200",엘리 골드렛,동양북스,20260630,경제/경영
86,9791140718481,S000219570530,연금 투자 무작정 따라하기,"24,000","21,600",10%,5%,"1,200",김성일,길벗,20260506,경제/경영
87,9788925569574,S000219570471,부의 사다리에 올라타라,"23,000","20,700",10%,5%,"1,150",닉 매기울리,알에이치코리아,20260410,경제/경영
88,9791199747302,S000219469768,평생 월 500만 원 받는 월배당 ETF,"23,000","20,700",10%,5%,"1,150",배당의만장,노티스,20260323,경제/경영
89,9791155818589,S000219133542,콘텐츠 설계자,"21,800","19,620",10%,5%,"1,090",니콜라스 콜,윌북,20260209,경제/경영
90,9788986022995,S000217834880,모든 주식을 소유하라(리커버판),"18,000","16,200",10%,5%,900,존 보글,비즈니스맵,20250925,경제/경영
91,9788957822401,S000216669456,현명한 투자자,"28,000","25,200",10%,5%,"1,400",벤저민 그레이엄,국일증권경제연구소,20250602,경제/경영
92,9788925573762,S000216465663,"엔비디아 젠슨 황, 생각하는 기계","28,000","25,200",10%,5%,"1,400",스티븐 위트,알에이치코리아,20250525,경제/경영
93,9791130633619,S000001687079,부자의 그릇(블랙 에디션),"17,000","15,300",10%,5%,850,이즈미 마사토,다산북스,20240501,경제/경영
94,9791165347680,S000202806814,보랏빛 소가 온다,"18,000","16,200",10%,5%,900,세스 고딘,쌤앤파커스,20230712,경제/경영
95,9791188331888,S000201274192,사장학개론,"25,000","22,500",10%,5%,"1,250",김승호,스노우폭스북스,20230419,경제/경영
96,9791158883591,S000001772245,부자 아빠 가난한 아빠(20주년 특별 기념판),"17,000","15,300",10%,5%,850,로버트 기요사키,민음인,20221028,경제/경영
97,9791165217761,S000001834738,심리투자 불변의 법칙,"20,000","18,000",10%,5%,"1,000",마크 더글러스,더퀘스트,20211210,경제/경영
98,9791157842636,S000001760938,원칙,"35,000","31,500",10%,5%,"1,750",레이 달리오,한빛비즈,20180618,경제/경영
99,9791175230583,S000221327940,매스니치 서바이벌,"22,000","19,800",10%,5%,"1,100",이기문,북스톤,20260929,경제/경영
100,9791194831471,S000221242406,2027 비즈니스 트렌드,"25,000","22,500",10%,5%,"1,250",권기대,베가북스,20260928,경제/경영
1,9791169852180,S000220636999,마음의 어휘력,"16,800","15,120",10%,5%,840,조아란 외,페이지2북스,20260811,시/에세이
2,9791141618575,S000220843924,그랬다고 적었다,"17,000","15,300",10%,5%,850,김애란,문학동네,20260824,시/에세이
3,9788901300702,S000221248241,박완서의 낱말들,"19,800","17,820",10%,5%,990,박완서,웅진지식하우스,20260914,시/에세이
4,9791197647666,S000200329012,기분이 태도가 되지 말자(30만부 기념 최신 개정판),"17,000","15,300",10%,5%,850,김수현(훈글),하이스트,20221125,시/에세이
5,9788956605593,S000000828225,불안(리커버:K),"18,000","16,200",10%,5%,900,알랭 드 보통,은행나무,20120104,시/에세이
6,9791191114768,S000216122857,단 한 번의 삶(강물에디션 활판인쇄 한정판),"16,800","15,120",10%,5%,840,김영하,복복서가,20250406,시/에세이
7,9791162145043,S000213913377,행복할 거야 이래도 되나 싶을 정도로(10만 부 기념 교보문고 단독 리커버),"18,000","16,200",10%,5%,900,일홍,부크럼,20240729,시/에세이
8,9791124878019,S000220862072,애매함을 사랑하기,"16,800","15,120",10%,5%,840,이창현(코유),고유,20260817,시/에세이
9,9791169851053,S000214453032,어른의 행복은 조용하다,"17,800","16,020",10%,5%,890,태수,페이지2북스,20241104,시/에세이
10,9788901299730,S000221046068,신경 끄기의 기술(한교동 에디션),"19,000","17,100",10%,5%,950,마크 맨슨,갤리온,20260903,시/에세이
11,9788965968382,S000220638767,숨결이 바람 될 때(10주년 에디션),"19,800","17,820",10%,5%,990,폴 칼라니티,흐름출판,20260819,시/에세이
12,9788936812621,S000218907630,빅터 프랭클의 죽음의 수용소에서(20주년 기념보급판),"12,000","10,800",10%,5%,600,빅터 프랭클,청아출판사,20260102,시/에세이
13,9791124468050,S000219654405,다정한 사람이 이긴다(스페셜 양장 리커버판),"19,000","17,100",10%,5%,950,이해인,필름(Feelm),20260415,시/에세이
14,9791194184645,S000220338953,"안녕, 피터팬","22,000","19,800",10%,5%,"1,100",전경철,이야기장수,20260626,시/에세이
15,9788970128337,S000001068777,달리기를 말할 때 내가 하고 싶은 이야기,"14,500","13,050",10%,5%,720,무라카미 하루키,문학사상,20161215,시/에세이
16,9791162145418,S000219181415,구원에게,"18,000","16,200",10%,5%,900,정영욱,부크럼,20260205,시/에세이
17,9791162143605,S000001807614,잘했고 잘하고 있고 잘될 것이다(50만부 기념),"18,000","16,200",10%,5%,900,정영욱,부크럼,20210514,시/에세이
18,9791168341890,S000213077352,제철 행복,"17,800","16,020",10%,5%,890,김신지,인플루엔셜,20240425,시/에세이
19,9791193153710,S000216730154,너를 아끼며 살아라,"18,500","16,650",10%,5%,920,나태주,더블북,20250612,시/에세이
20,9788956605418,S000000828212,월든(완결판),"13,000","11,700",10%,5%,650,헨리 데이빗 소로우,은행나무,20251027,시/에세이
21,9791194280958,S000214962079,하늘과 바람과 별과 시(초판본),"2,990","2,700",10%,5%,140,윤동주,더스토리,20241215,시/에세이
22,9791188469994,S000001914848,당신은 결국 무엇이든 해내는 사람(특별 리커버 에디션),"17,000","15,300",10%,5%,850,김상현,필름(Feelm),20220420,시/에세이
23,9791157280292,S000001752581,꽃을 보듯 너를 본다(100만 부 기념 에디션)(리커버:K),"13,000","11,700",10%,5%,650,나태주,지혜,20201130,시/에세이
24,9791122102505,S000221334752,내 기분까지 내 책임이라니,"22,000","19,800",10%,5%,"1,100",오원,스테이션,20260924,시/에세이
25,9791169852166,S000220807155,불행에 몰두하지 않는다,"18,500","16,650",10%,5%,920,정지우,페이지2북스,20260819,시/에세이
26,9791191369786,S000220177925,싫어하는 사람을 사라지게 하는 방법,"17,200","15,480",10%,5%,860,호리 모토코,딥앤와이드,20260608,시/에세이
27,9791162146170,S000221331034,이런 말을 듣고 싶었나 보다,"18,000","16,200",10%,5%,900,권지은,부크럼,20260918,시/에세이
28,9791124065785,S000221046066,기쁨에도 슬픔에도 아랑곳없이,"22,000","19,800",10%,5%,"1,100",박준,난다,20260825,시/에세이
29,9791124038574,S000220356213,너의 행복은 나의 기쁨이야,"19,800","17,820",10%,5%,990,정한경,북로망스,20260708,시/에세이
30,9788901297842,S000218276597,기분이 태도가 되지 않게(헬로키티 레드에디션),"18,000","16,200",10%,5%,900,레몬심리,갤리온,20251112,시/에세이
31,9791197377150,S000001986137,나는 나로 살기로 했다(영미권 출간기념 특별판),"17,500","15,750",10%,5%,870,김수현,클레이하우스,20220204,시/에세이
32,9788962452495,S000221075124,공무원 어휘 도감,"19,800","17,820",10%,5%,990,서은희 외,이비락,20260831,시/에세이
33,9791124065648,S000220221384,어깨에 머리를 기대던 시절,"13,000","11,700",10%,5%,650,고명재,난다,20260619,시/에세이
34,9791193282649,S000219442630,모든 날들이 행복했으면 좋겠어,"18,800","16,920",10%,5%,940,갱여운,하이스트,20260325,시/에세이
35,9788937409288,S000200866691,당신의 세계는 아직도 바다와 빗소리와 작약을 취급하는지,"13,000","11,700",10%,5%,650,김경미,민음사,20230127,시/에세이
36,9788952236753,S000000722174,모리와 함께한 화요일,"15,000","13,500",10%,5%,750,미치 앨봄,살림,20170616,시/에세이
37,9791186900222,S000001894141,새는 날아가면서 뒤돌아보지 않는다,"14,000","12,600",10%,5%,700,류시화,더숲,20170225,시/에세이
38,9791122106305,S000221380450,해고된 김에 교토,"19,500","17,550",10%,5%,970,노푸름,상록의서가,20260930,시/에세이
39,9791124497029,S000219714829,사춘기 엄마의 오장육부,"17,800","16,020",10%,5%,890,나민애,서교책방,20260420,시/에세이
40,9788936812607,S000217402426,죽음의 수용소에서,"16,000","14,400",10%,5%,800,빅터 프랭클,청아출판사,20250910,시/에세이
41,9788933872482,S000214976322,한 말씀만 하소서,"17,000","15,300",10%,5%,850,박완서,세계사,20241217,시/에세이
42,9788997381678,S000001615079,소년과 두더지와 여우와 말,"22,000","19,800",10%,5%,"1,100",찰리 맥커시,상상의힘,20200420,시/에세이
43,9788947527934,S000000695240,바보 빅터,"16,800","15,120",10%,5%,840,호아킴 데 포사다 외,한국경제신문사,20181224,시/에세이
44,9791193739303,S000220938686,소설가라는 이상한 직업 2,"19,000","17,100",10%,5%,950,장강명,유유히,20260917,시/에세이
45,9791199007772,S000219916123,우린 반드시 행복해진다,"18,500","16,650",10%,5%,920,조성용,북갈피,20260515,시/에세이
46,9788901297453,S000217577549,나는 메트로폴리탄 미술관의 경비원입니다,"18,500","16,650",10%,5%,920,패트릭 브링리,웅진지식하우스,20250925,시/에세이
47,9788932043272,S000214645193,사랑과 멸종을 바꿔 읽어보십시오,"12,000","10,800",10%,5%,600,유선혜,문학과지성사,20241028,시/에세이
48,9791169851008,S000214377566,와일드,"22,000","19,800",10%,5%,"1,100",셰릴 스트레이드,페이지2북스,20240925,시/에세이
49,9791167743312,S000221327624,난파선의 선장들,"17,800","16,020",10%,5%,890,김새섬 외,어크로스,20260918,시/에세이
50,9791141618568,S000220843962,잊기 좋은 이름,"17,500","15,750",10%,5%,870,김애란,문학동네,20260824,시/에세이
51,9791193937693,S000217602005,어른의 품위,"19,500","17,550",10%,5%,970,최서영,북로망스,20251001,시/에세이
52,9791168031234,S000217004530,"필사, 어른이 되는 시간","18,500","16,650",10%,5%,920,나태주,북로그컴퍼니,20250707,시/에세이
53,9791130664521,S000216032510,문학을 사랑하는 젊은이들에게,"17,000","15,300",10%,5%,850,박경리,다산책방,20250313,시/에세이
54,9788970125930,S000213494530,이렇게 작지만 확실한 행복,"16,000","14,400",10%,5%,800,무라카미 하루키,문학사상,20240610,시/에세이
55,9791169780957,S000221261416,수원에서의 나날,"22,000","19,800",10%,5%,"1,100",고영표 외,브레인스토어,20261002,시/에세이
56,9791176215428,S000221359614,모든 인간에게서 신을 본다,"17,000","15,300",10%,5%,850,김창호,바른북스,20260924,시/에세이
57,9791122020601,S000221373194,햇살샤워,"16,000","14,400",10%,5%,800,백가연,얼리썸머프레스,20260910,시/에세이
58,9791124137611,S000220789153,조용히 해내는 사람,"17,800","16,020",10%,5%,890,이재은,빅피시,20260819,시/에세이
59,9791176612500,S000220662389,아메리칸 서바이벌,"22,000","19,800",10%,5%,"1,100",올리버 샨 그랜트 외,21세기북스,20260727,시/에세이
60,9791199327887,S000220241808,나의 지옥은 나를 죽이지 못했다,"19,000","17,100",10%,5%,950,김강우,책과삶,20260625,시/에세이
61,9791194184638,S000220292539,일상주의자의 감각,"18,000","16,200",10%,5%,900,김이나,이야기장수,20260624,시/에세이
62,9791194741978,S000219336973,혼잣말까지 다정한 사람,"16,800","15,120",10%,5%,840,황예현,포레스트 웨일,20260225,시/에세이
63,9791199308619,S000219013470,소중한 사람아 꼭 행복해줘,"15,000","13,500",10%,5%,750,신우,필로맨틱,20260115,시/에세이
64,9791199555112,S000218979839,일본 광고 카피 도감,"18,800","16,920",10%,5%,940,오하림,서교책방,20260114,시/에세이
65,9791198210852,S000218192096,처음부터 끝까지 고백,"16,800","15,120",10%,5%,840,주또(이주영),시선과단상,20251017,시/에세이
66,9791170872580,S000215666905,"우리, 나이 드는 존재","16,800","15,120",10%,5%,840,고금숙 외,휴머니스트,20250217,시/에세이
67,9791189198640,S000001923905,마더북,"18,500","16,650",10%,5%,920,반비 편집부,반비,20190426,시/에세이
68,9791198978387,S000221151671,오래 머무는 마음,"18,000","16,200",10%,5%,900,나태주,OTD,20260928,시/에세이
69,9788965968528,S000221268323,혼자 영화관에 갔어,"18,000","16,200",10%,5%,900,김소미,흐름출판,20260911,시/에세이
70,9791124502020,S000219973683,행복,"20,000","18,000",10%,5%,"1,000",법륜,정토출판,20260512,시/에세이
71,9791192559070,S000216485879,사는 동안 틈틈이 행복합시다,"17,800","16,020",10%,5%,890,박근호,히읏,20250514,시/에세이
72,9788932042725,S000213044371,누군가를 이토록 사랑한 적,"12,000","10,800",10%,5%,600,이병률,문학과지성사,20240424,시/에세이
73,9791162851449,S000211346744,부자수업(마음부자 에디션),"20,000","18,000",10%,5%,"1,000",법상,마음의숲,20231111,시/에세이
74,9791159259111,S000200101025,0원으로 사는 삶,"19,500","17,550",10%,5%,970,박정미,들녘,20221028,시/에세이
75,9791170400608,S000061353411,너무 잘하려고 애쓰지 마라,"14,000","12,600",10%,5%,700,나태주,열림원,20220531,시/에세이
76,9788991418318,S000001474329,걷는 독서,"23,000","20,700",10%,5%,"1,150",박노해,느린걸음,20210607,시/에세이
77,9788937408915,S000000618420,숲의 소실점을 향해,"13,000","11,700",10%,5%,650,양안다,민음사,20200528,시/에세이
78,9791160401967,S000001790337,슬픔을 공부하는 슬픔,"16,000","14,400",10%,5%,800,신형철,한겨레출판,20180922,시/에세이
79,9788937461309,S000000620267,자기만의 방·3기니,"14,000","12,600",10%,5%,700,버지니아 울프,민음사,20080919,시/에세이
80,9788940302125,S000000641779,나는 누구인가,"11,000","9,900",10%,5%,550,라마나 마하라쉬,청하,20050527,시/에세이
81,9791199344082,S000221383778,나를 찾아온 아이와 시간을 기록하는 100일 필사,"18,000","16,200",10%,5%,900,별타쌤(박지영),노네임아트북(Noname Art Book),20261005,시/에세이
82,9791175488762,S000221333609,우정과 허기를 버무린 우리들의 시간,"19,000","17,100",10%,5%,950,파뿌리,와이즈베리,20260930,시/에세이
83,9791162851944,S000221231529,참치보다 더 사랑하는 너에게: 고양이별에서 도착한 편지,"17,000","15,300",10%,5%,850,사라 찬시,마음의숲,20260917,시/에세이
84,9791198947338,S000221248750,딸에게 물려주는 엄마의 독서노트,"18,500","16,650",10%,5%,920,고은아 외,문화다방,20260909,시/에세이
85,9788932045702,S000221032013,무서운 이야기,"13,000","11,700",10%,5%,650,김행숙,문학과지성사,20260825,시/에세이
86,9791168031647,S000220937710,일인분의 삶,"18,800","16,920",10%,5%,940,나태주 외,북로그컴퍼니,20260824,시/에세이
87,9791168031494,S000220036575,모든 사랑스러운 말들은 너를 위해 태어난 것 같다,"19,800","17,820",10%,5%,990,정영욱,북로그컴퍼니,20260521,시/에세이
88,9791124591000,S000219940450,미세 행복 도감,"18,000","16,200",10%,5%,900,썩어라 수시생,포레스트북스,20260513,시/에세이
89,9791141603373,S000219790831,백지 앞에서,"17,500","15,750",10%,5%,870,최은영,문학동네,20260430,시/에세이
90,9788937409592,S000219785881,늑대처럼 싱싱하게 울고 싶었다,"13,000","11,700",10%,5%,650,문정희,민음사,20260420,시/에세이
91,9788937409578,S000218795472,아무도 미워하지 않고 한 계절이 지나갔다,"13,000","11,700",10%,5%,650,김이듬,민음사,20251212,시/에세이
92,9791187297819,S000214875899,스님의 주례사,"18,000","16,200",10%,5%,900,법륜,정토출판,20241209,시/에세이
93,9791141600778,S000213513712,당근밭 걷기,"12,000","10,800",10%,5%,600,안희연,문학동네,20240615,시/에세이
94,9791141077761,S000213834312,토마토 컵라면(스페셜 에디션),"9,000","8,100",10%,5%,450,차정은,부크크(Bookk),20240408,시/에세이
95,9791198375308,S000203197818,결혼ㆍ여름,"22,000","19,800",10%,5%,"1,100",알베르 카뮈,녹색광선,20230804,시/에세이
96,9791198023346,S000200468038,사랑,"10,000","9,000",10%,5%,500,김순임 외 71명 외,파도,20221222,시/에세이
97,9791191200676,S000200135437,오래 보아야 사랑스럽다,"6,900","6,210",10%,5%,340,나태주,자화상,20221101,시/에세이
98,9788970845289,S000001086041,우리들의 파리가 생각나요,"16,000","14,400",10%,5%,800,정현주,예경,20150508,시/에세이
99,9788931007381,S000000549093,헤르만 헤세 시집,"16,800","15,120",10%,5%,840,헤르만 헤세,문예출판사,20130520,시/에세이
100,9791190533867,S000221383612,평일,"17,000","15,300",10%,5%,850,이시다 센,1984BOOKS,20260924,시/에세이
1,9791142817649,S000221354018,주술회전 모듈로 2: 두라 바르 보비디 메치카,"7,000","6,300",10%,5%,350,Gege Akutami,서울미디어코믹스(서울문화사),20260917,만화
2,9791142364013,S000221173929,카구라바치 11: 영웅,"6,500","5,850",10%,5%,320,Takeru Hokazono,대원씨아이,20260929,만화
3,9791142363603,S000221333788,사랑이라 부르기엔 소박하지만 1,"7,000","6,300",10%,5%,350,Daisuke Hagiwara,대원씨아이,20260930,만화
4,9791142363610,S000221333791,사랑이라 부르기엔 소박하지만 1(특별판),"17,000","15,300",10%,5%,850,Daisuke Hagiwara,대원씨아이,20260930,만화
5,9791142361135,S000221029816,킹덤 78,"6,000","5,400",10%,5%,300,Yasuhisa Hara,대원씨아이,20260819,만화
6,9791142354335,S000220489416,책이라면 팔 만큼 1,"13,000","11,700",10%,5%,650,코지마 아오,대원씨아이,20260715,만화
7,9791142355851,S000220276139,원피스 114: 갓 밸리 사건,"6,500","5,850",10%,5%,320,Eiichiro Oda,대원씨아이,20260630,만화
8,9791142363467,S000221326913,향기로운 꽃은 늠름하게 핀다 22,"7,000","6,300",10%,5%,350,Saka Mikami,대원씨아이,20260930,만화
9,9791141189402,S000221174793,타몬 군 지금 어느 쪽?! 14,"7,000","6,300",10%,5%,350,YUKI SHIWASU,학산문화사,20260922,만화
10,9791141185251,S000221174775,오가미 츠미키와 기일상 8,"6,000","5,400",10%,5%,300,Miyu MORISHITA,학산문화사,20260922,만화
11,9791168761841,S000001854018,룩 백,"6,000","5,400",10%,5%,300,Tatsuki Fujimoto,학산문화사,20220325,만화
12,9791141188603,S000221189383,고깔모자의 아틀리에 16,"6,000","5,400",10%,5%,300,Kamome Shirahama,학산문화사,20260922,만화
13,9791127888855,S000221175869,지뢰인가요? 치하라 양 1,"7,000","6,300",10%,5%,350,룡,디앤씨미디어,20260921,만화
14,9791142364174,S000221281867,"촌구석 아저씨, 검성이 되다 9","6,500","5,850",10%,5%,320,Shigeru Sagazaki 외,대원씨아이,20260915,만화
15,9791141187699,S000220870007,스파이 패밀리 17,"6,000","5,400",10%,5%,300,Tatsuya Endo,학산문화사,20260825,만화
16,9791128372544,S000221162881,어제 뭐 먹었어? 25,"6,000","5,400",10%,5%,300,Fumi Yoshinaga,삼양출판사,20260814,만화
17,9791142366376,S000221326966,극락가 6,"6,500","5,850",10%,5%,320,Yuto Sano,대원씨아이,20260930,만화
18,9791142363948,S000221281852,비실비실 선생님 17,"6,500","5,850",10%,5%,320,Kamio Fukuchi,대원씨아이,20260930,만화
19,9791138491778,S000221267706,흑무경담 3,"8,000","7,200",10%,5%,400,토가와 요난,소미미디어,20260916,만화
20,9791142830563,S000221328593,"매일, 휴일 10","7,500","6,750",10%,5%,370,Keigo SHINZO,서울미디어코믹스(서울문화사),20260916,만화
21,9791142364044,S000221281861,우마무스메 신데렐라 그레이 2,"7,500","6,750",10%,5%,370,Taiyou Kuzumi,대원씨아이,20260915,만화
22,9791142364037,S000221281853,우마무스메 신데렐라 그레이 1,"7,500","6,750",10%,5%,370,Taiyou Kuzumi,대원씨아이,20260915,만화
23,9791144101029,S000221270847,홍마관의 숙녀들 1,"6,500","5,850",10%,5%,320,risui,에이케이커뮤니케이션즈,20260910,만화
24,9791141616878,S000220292425,패밀리 레스토랑 가자(하)(완결),"8,500","7,650",10%,5%,420,와야마 야마,문학동네,20260630,만화
25,9791142356728,S000220278079,향기로운 꽃은 늠름하게 핀다 4,"7,000","6,300",10%,5%,350,Saka Mikami,대원씨아이,20260617,만화
26,9791190502474,S000221191600,올가미 12,"18,000","16,200",10%,5%,900,해무리,와이제이코믹스,20260420,만화
27,9791172885205,S000214606228,향기로운 꽃은 늠름하게 핀다 11,"6,000","5,400",10%,5%,300,Saka Mikami,대원씨아이,20241031,만화
28,9791171723591,S000212167552,향기로운 꽃은 늠름하게 핀다 5,"6,000","5,400",10%,5%,300,Saka Mikami,대원씨아이,20240131,만화
29,9791142363566,S000221381238,도망을 잘 치는 도련님 23,"6,000","5,400",10%,5%,300,마츠이 유세이,대원씨아이,20260922,만화
30,9791142364006,S000221381301,위치 워치  24,"6,000","5,400",10%,5%,300,시노하라 켄타,대원씨아이,20260922,만화
31,9791142830518,S000221354306,"안경, 때때로, 불량아 11","5,500","4,950",10%,5%,270,Naruki,서울미디어코믹스(서울문화사),20260917,만화
32,9791142830341,S000221255748,바람의 검심: 메이지 검객 낭만기 홋카이도 편 10,"6,000","5,400",10%,5%,300,NOBUHIRO WATSUKI,서울미디어코믹스(서울문화사),20260909,만화
33,9791142358999,S000220852435,황천의 츠가이 12,"6,500","5,850",10%,5%,320,Hiromu Arakawa,대원씨아이,20260831,만화
34,9791175890336,S000220938560,스킵과 로퍼 12,"6,000","5,400",10%,5%,300,타카마츠 미사키,와이엔케이미디어,20260827,만화
35,9791141187552,S000220870006,디그 잇 3,"7,000","6,300",10%,5%,350,Yoshidamaru,학산문화사,20260820,만화
36,9791138490719,S000220781971,팬텀 버스터즈 7,"6,500","5,850",10%,5%,320,네오쇼코,소미미디어,20260820,만화
37,9791142817403,S000220861000,요리 군과 다시 만날 수는 없어! 2,"6,500","5,850",10%,5%,320,Sumio Hataya,서울미디어코믹스(서울문화사),20260813,만화
38,9791142360879,S000220929278,단다단 21,"6,000","5,400",10%,5%,300,Yukinobu Tatsu,대원씨아이,20260813,만화
39,9791141185244,S000220499851,오가미 츠미키와 기일상 7,"6,000","5,400",10%,5%,300,Miyu MORISHITA,학산문화사,20260702,만화
40,9791141184117,S000220225230,장송의 프리렌 15,"7,000","6,300",10%,5%,350,Kanehito YAMADA,학산문화사,20260625,만화
41,9791142356803,S000220342518,향기로운 꽃은 늠름하게 핀다 12,"7,000","6,300",10%,5%,350,Saka Mikami,대원씨아이,20260625,만화
42,9791142356810,S000220293660,향기로운 꽃은 늠름하게 핀다 13,"7,000","6,300",10%,5%,350,Saka Mikami,대원씨아이,20260618,만화
43,9791142356827,S000220293662,향기로운 꽃은 늠름하게 핀다 14,"7,000","6,300",10%,5%,350,Saka Mikami,대원씨아이,20260618,만화
44,9791142352010,S000220035608,향기로운 꽃은 늠름하게 핀다 20,"6,000","5,400",10%,5%,300,Saka Mikami,대원씨아이,20260529,만화
45,9791142349621,S000219731270,향기로운 꽃은 늠름하게 핀다 19,"6,000","5,400",10%,5%,300,Saka Mikami,대원씨아이,20260430,만화
46,9791190502436,S000221191587,올가미 8,"18,000","16,200",10%,5%,900,해무리,와이제이코믹스,20260420,만화
47,9791190502443,S000221191588,올가미 9,"18,000","16,200",10%,5%,900,해무리,와이제이코믹스,20260420,만화
48,9791190502467,S000221191598,올가미 11,"18,000","16,200",10%,5%,900,해무리,와이제이코믹스,20260420,만화
49,9791190502429,S000221191584,올가미 7,"18,000","16,200",10%,5%,900,해무리,와이제이코믹스,20260420,만화
50,9791190502450,S000221191593,올가미 10,"18,000","16,200",10%,5%,900,해무리,와이제이코믹스,20260420,만화
51,9791142343704,S000219248027,향기로운 꽃은 늠름하게 핀다 18,"6,000","5,400",10%,5%,300,Saka Mikami,대원씨아이,20260227,만화
52,9791143205728,S000218277882,44교시 생존수업 1,"16,000","14,400",10%,5%,800,상C,네이버웹툰,20251115,만화
53,9791143205735,S000218277917,44교시 생존수업 2,"16,000","14,400",10%,5%,800,상C,네이버웹툰,20251115,만화
54,9791142333330,S000218276594,향기로운 꽃은 늠름하게 핀다 17,"6,000","5,400",10%,5%,300,Saka Mikami,대원씨아이,20251031,만화
55,9791142328848,S000217613466,향기로운 꽃은 늠름하게 핀다 16,"6,000","5,400",10%,5%,300,Saka Mikami,대원씨아이,20250930,만화
56,9791142325731,S000217393649,향기로운 꽃은 늠름하게 핀다 15,"6,000","5,400",10%,5%,300,Saka Mikami,대원씨아이,20250831,만화
57,9791172033804,S000212762259,향기로운 꽃은 늠름하게 핀다 7,"6,000","5,400",10%,5%,300,Saka Mikami,대원씨아이,20240331,만화
58,9791172030551,S000212606450,향기로운 꽃은 늠름하게 핀다 6,"6,000","5,400",10%,5%,300,Saka Mikami,대원씨아이,20240229,만화
59,9791171249169,S000211496818,향기로운 꽃은 늠름하게 핀다 3,"6,000","5,400",10%,5%,300,Saka Mikami,대원씨아이,20231130,만화
60,9791171244614,S000210776577,향기로운 꽃은 늠름하게 핀다 2,"6,000","5,400",10%,5%,300,Saka Mikami,대원씨아이,20231031,만화
61,9788955824933,S000000809567,쥐(합본판),"21,000","18,900",10%,5%,"1,050",아트 슈피겔만,아름드리미디어,20190308,만화
62,9791143209252,S000220781300,내 최애는 막차를 탄다 3~4권 세트,"32,000","28,800",10%,5%,"1,600",JIXKSEE,네이버웹툰,20261012,만화
63,9791142364143,S000221326911,향기로운 꽃은 늠름하게 핀다 47도도부현 포스트카드북,"20,000","18,000",10%,5%,"1,000",Saka Mikami,대원씨아이,20260930,만화
64,9791142363986,S000221267690,실버 마운틴 1,"7,000","6,300",10%,5%,350,Kazuhiro FUJITA,대원씨아이,20260930,만화
65,9791142363573,S000221267642,단다단 22,"6,000","5,400",10%,5%,300,Yukinobu Tatsu,대원씨아이,20260930,만화
66,9791141187422,S000221189392,고깔모자의 아틀리에 16(한정판),"30,000","27,000",10%,5%,"1,500",Kamome Shirahama,학산문화사,20260922,만화
67,9791171259991,S000221333552,닥터 둠: 북 오브 둠,"17,000","15,300",10%,5%,850,에드 브루베이커,시공사,20260922,만화
68,9791127888862,S000221175872,지뢰인가요? 치하라 양 2,"7,000","6,300",10%,5%,350,룡,디앤씨미디어,20260921,만화
69,9791175896512,S000221283107,페이트 스테이 나이트: 언리미티드 블레이드 워크스 7,"6,000","5,400",10%,5%,300,모리야마 다이스케,와이엔케이미디어,20260921,만화
70,9791175564466,S000221353109,배달처 누님이 너무 무섭다 4,"6,500","5,850",10%,5%,320,요리마 리요,에이템포미디어,20260917,만화
71,9791141184896,S000221280576,마법사의 신부 단편집 2,"6,000","5,400",10%,5%,300,Kore Yamazaki,학산문화사,20260915,만화
72,9791141164034,S000221280574,마법사의 신부 21,"6,000","5,400",10%,5%,300,Kore Yamazaki,학산문화사,20260915,만화
73,9791127888626,S000220945117,야마다 군과 Lv999의 사랑을 하다 8(특별판),"26,000","23,400",10%,5%,"1,300",마시로,디앤씨미디어,20260903,만화
74,9791142360862,S000220937807,이토 준지 자선 걸작집 Dark Colors,"19,000","17,100",10%,5%,950,이토 준지,대원씨아이,20260831,만화
75,9791141187262,S000220788327,타몬 군 지금 어느 쪽?! 13(한정판),"14,000","12,600",10%,5%,700,Yuki Shiwasu,학산문화사,20260825,만화
76,9791141187194,S000220788359,옆자리 녀석이 그런 눈으로 쳐다본다 4,"7,000","6,300",10%,5%,350,mmk,학산문화사,20260825,만화
77,9791142817236,S000220923729,모모세 아키라의 첫사랑 파탄 중 6,"7,500","6,750",10%,5%,370,Shinta Harekawa,서울미디어코믹스(서울문화사),20260818,만화
78,9791142360022,S000220944893,언니의 미도리 군 9,"5,500","4,950",10%,5%,270,Amu Meguro,대원씨아이,20260817,만화
79,9791189336943,S000220807828,2120,"30,000","27,000",10%,5%,"1,500",조지 와일솔,프시케의숲,20260815,만화
80,9791190582872,S000220846028,사토 씨의 친구,"15,000","13,500",10%,5%,750,마스다 미리,이봄,20260813,만화
81,9791173151187,S000220349817,마루는 강쥐 9(완결),"16,000","14,400",10%,5%,800,모죠,문페이스,20260805,만화
82,9791142829543,S000220704928,명탐정 코난 108(특장판),"22,000","19,800",10%,5%,"1,100",Gosho AOYAMA,서울미디어코믹스(서울문화사),20260731,만화
83,9791142829246,S000220704921,명탐정 코난 108,"6,000","5,400",10%,5%,300,Gosho Aoyama,서울미디어코믹스(서울문화사),20260731,만화
84,9791173326806,S000220705489,이우일의 만화 그리스로마 신화(세트),"66,500","59,850",10%,5%,"3,320",이우일,비채,20260730,만화
85,9791175896833,S000220648097,블루 피리어드 6(한정판),"15,000","13,500",10%,5%,750,야마구치 츠바사,와이엔케이미디어,20260730,만화
86,9791141184223,S000220734225,한밤중 하트튠 11,"6,000","5,400",10%,5%,300,Masakuni Igarashi,학산문화사,20260728,만화
87,9791142828843,S000220634198,주술회전 모듈로 1: 특급 사안,"7,000","6,300",10%,5%,350,Gege Akutami,서울미디어코믹스(서울문화사),20260723,만화
88,9791142819971,S000220363963,반딧불이의 혼례 11,"8,500","7,650",10%,5%,420,Oreco TACHIBANA,서울미디어코믹스(서울문화사),20260630,만화
89,9791142355363,S000220297489,어서 와 수평선 1,"7,000","6,300",10%,5%,350,Taiyo Watabe,대원씨아이,20260630,만화
90,9791142355295,S000220297559,향기로운 꽃은 늠름하게 핀다 21,"7,000","6,300",10%,5%,350,Saka Mikami,대원씨아이,20260630,만화
91,9791142356766,S000220293658,향기로운 꽃은 늠름하게 핀다 8,"7,000","6,300",10%,5%,350,Saka Mikami,대원씨아이,20260618,만화
92,9791142356773,S000220278128,향기로운 꽃은 늠름하게 핀다 9,"7,000","6,300",10%,5%,350,Saka Mikami,대원씨아이,20260617,만화
93,9791199825802,S000219563795,오무라이스잼잼 16,"21,000","18,900",10%,5%,"1,050",조경규,송송책방,20260401,만화
94,9791142816727,S000219490100,"안경, 때때로, 불량아 10","5,500","4,950",10%,5%,270,Naruki,서울미디어코믹스(서울문화사),20260318,만화
95,9791142341588,S000219054018,원피스 113: 로키탄생,"6,500","5,850",10%,5%,320,Eiichiro Oda,대원씨아이,20260130,만화
96,9791138488358,S000218681527,Veil 5,"12,800","11,520",10%,5%,640,코테리,소미미디어,20251203,만화
97,9791142332876,S000218312752,요츠바랑 16,"8,000","7,200",10%,5%,400,아즈마 키요히코,대원씨아이,20251030,만화
98,9791142330988,S000217579170,더 트릭컬,"22,000","19,800",10%,5%,"1,100",폴빠 외,대원씨아이,20250929,만화
99,9791138486316,S000216407552,Veil 4,"12,800","11,520",10%,5%,640,코테리,소미미디어,20250509,만화
100,9791193821763,S000214737307,이번 생은 가주가 되겠습니다 2부 2(만화),"16,000","14,400",10%,5%,800,몬 외,디앤씨웹툰비즈,20241126,만화
1,9791199883925,S000221075621,GATHER,"30,000","27,000",10%,5%,"1,500",윤지영,북스레브쿠헨,20261001,요리
2,9791195795529,S000001967752,삐뽀삐뽀 119 이유식,"18,900","17,010",10%,5%,940,하정훈,유니책방,20171201,요리
3,9791168222724,S000212576919,뿐이 토핑 이유식,"29,800","26,820",10%,5%,"1,490",정주희,서사원,20240226,요리
4,9791194087700,S000216903860,류수영의 평생 레시피,"25,000","22,500",10%,5%,"1,250",류수영,세미콜론,20250625,요리
5,9791140720217,S000221107087,김진순의 인생 레시피 1,"24,000","21,600",10%,5%,"1,200",김진순,길벗,20260909,요리
6,9791194374954,S000220994672,우런니 샌드위치,"22,000","19,800",10%,5%,"1,100",박혜진(Cream Park),클,20260909,요리
7,9788931481709,S000220451473,스타듀 밸리 공식 레시피북,"32,000","28,800",10%,5%,"1,600",컨선드에이프 외,영진닷컴,20260630,요리
8,9791192385488,S000221248268,"말차를, 시작합니다","20,000","18,000",10%,5%,"1,000",김용재,오픈하우스,20260917,요리
9,9791136043986,S000221283209,2027 에듀윌 제과·제빵기능사 필기 한권끝장+무료특강,"20,000","18,000",10%,5%,"1,000",오명석 외,에듀윌,20260914,요리
10,9791193282793,S000220563761,걍레오: 그냥 레오의 오늘 요리,"26,000","23,400",10%,5%,"1,300",강레오,하이스트,20260723,요리
11,9791140719068,S000220362859,무염·저염 하나로 끝내는 베이스 유아식,"24,000","21,600",10%,5%,"1,200",애플랜(김애정),길벗,20260707,요리
12,9791136039255,S000218082079,2026 에듀윌 제과·제빵기능사 필기 한권끝장,"20,000","18,000",10%,5%,"1,000",오명석 외,에듀윌,20251002,요리
13,9791192066141,S000200252593,커피 아틀라스,"35,000","31,500",10%,5%,"1,750",제임스 호프만,디자인이음,20221121,요리
14,9791195616169,S000001965106,아이주도 이유식 유아식 매뉴얼 세트,"23,500","21,150",10%,5%,"1,170",BLW 연구소,아퍼블리싱,20210831,요리
15,9791175911345,S000221381437,박준면의 낯가리는 레시피,"29,800","26,820",10%,5%,"1,490",박준면,위즈덤하우스,20260930,요리
16,9791191994513,S000220340036,추추의 집밥 클래스,"22,200","19,980",10%,5%,"1,110",추재현,용감한 까치,20260624,요리
17,9791198553386,S000219981779,내 몸을 바꾸는 집밥테라피,"24,000","21,600",10%,5%,"1,200",박용우 외,루미너스,20260605,요리
18,9791192366685,S000220004356,수연이네 사남매 이유식,"29,800","26,820",10%,5%,"1,490",유수연,레시피팩토리,20260520,요리
19,9791193406168,S000220774297,간결한 식탁 레시피,"26,000","23,400",10%,5%,"1,300",간결한 식탁(이해나),래디시,20260817,요리
20,9791142352614,S000220177891,지브리의 식탁 마녀 배달부 키키,"16,000","14,400",10%,5%,800,이선희,대원키즈,20260617,요리
21,9791192366647,S000219145734,아이주도 고형식 완전 가이드: 이유식 & 유아식,"33,000","29,700",10%,5%,"1,650",조승연,레시피팩토리,20260203,요리
22,9791192512419,S000208431435,최강록의 요리 노트,"16,800","15,120",10%,5%,840,최강록,클,20230814,요리
23,9788971908365,S000061584213,제프리 해멀먼의 브레드 증보개정판,"57,000","51,300",10%,5%,"2,850",제프리 해멀먼,그린쿡,20220810,요리
24,9791196533007,S000001977607,튼이 이유식,"22,000","19,800",10%,5%,"1,100",정주희,서사원,20190103,요리
25,9791196001889,S000001970441,풍미사전,"45,000","40,500",10%,5%,"2,250",니키 세그니트,한스미디어,20180821,요리
26,9788971905883,S000001108712,밀가루 물 소금 이스트,"34,000","30,600",10%,5%,"1,700",Ken Forkish,그린쿡,20170510,요리
27,9791175774155,S000221175376,세상에서 가장 만들기 쉬운 홈베이킹,"17,500","15,750",10%,5%,870,스즈키 아쓰코,오팬하우스,20260907,요리
28,9791124336557,S000220293529,집밥력,"32,500","29,250",10%,5%,"1,620",홀썸모먼트,세미콜론,20260623,요리
29,9791140719013,S000220215201,어른도 아이도 다 잘 먹는 집밥 레시피,"22,000","19,800",10%,5%,"1,100",권예은,길벗,20260617,요리
30,9791194687528,S000219488774,브런치 하다앳홈,"22,000","19,800",10%,5%,"1,100",박정아,시원북스,20260323,요리
31,9791194328377,S000218262585,2026 기분파 제과제빵기능사 필기,"20,000","18,000",10%,5%,"1,000",에듀웨이 R&D 연구소,에듀웨이,20260228,요리
32,9791173850967,S000219438635,카페  바리스타(커피 입문자를 위한),"27,000","27,000",0%,3%,810,박영배,백산출판사,20260210,요리
33,9791143402134,S000218330680,2026 시대에듀 한식조리기능사 필기 총정리 기출문제집,"20,000","18,000",10%,5%,"1,000",SD상시시험연구소,시대고시기획,20260105,요리
34,9791191994452,S000218329883,냉동 집밥 대백과,"22,800","20,520",10%,5%,"1,140",요오리,용감한 까치,20251105,요리
35,9791174910097,S000217444902,2026 제과제빵 기능사&산업기사 필기,"25,000","22,500",10%,5%,"1,250",김연진,종이향기,20250910,요리
36,9788969526281,S000217096672,김대석 셰프의 집밥 레시피 3,"18,000","16,200",10%,5%,900,김대석,경향BP,20250806,요리
37,9791198553379,S000216446945,스위치온 다이어트 레시피북,"23,000","20,700",10%,5%,"1,150",박용우 외,루미너스,20250525,요리
38,9791141939373,S000217586931,두유제조기 이유식 레시피북,"20,900","18,810",10%,5%,"1,040",채인영,부크크(Bookk),20250421,요리
39,9791190118798,S000215898422,장,"30,000","27,000",10%,5%,"1,500",강민구 외,북커스,20250310,요리
40,9791142303722,S000214965187,지브리의 식탁 이웃집 토토로,"16,000","14,400",10%,5%,800,스튜디오 지브리,대원키즈,20241217,요리
41,9791197623356,S000213668591,단이네 순한맛 유아식,"21,500","19,350",10%,5%,"1,070",정신혜(단맘),아퍼블리싱,20240715,요리
42,9788934965862,S000201627971,"이원복 교수의 와인의 세계, 세계의 와인 세트","29,800","26,820",10%,5%,"1,490",이원복,김영사,20230427,요리
43,9788969524478,S000001063301,유아식 레시피북,"18,800","16,920",10%,5%,940,BLW연구소,경향BP,20210303,요리
44,9791196261108,S000001974052,다반사,"25,000","22,500",10%,5%,"1,250",원행,하루헌,20171222,요리
45,9791195650149,S000001965618,음식과 요리,"88,000","79,200",10%,5%,"4,400",해럴드 맥기,이데아,20170302,요리
46,9791143418081,S000220616382,2027 시대에듀 제과제빵기능사 필기 총정리 기출문제집,"20,000","18,000",10%,5%,"1,000",권영회,시대고시기획,20270105,요리
47,9791186573846,S000221383866,위쳐 공식 요리책,"39,000","35,100",10%,5%,"1,950",애니타 사르나 외,비엘북스,20260929,요리
48,9788969526670,S000221281525,김대석 셰프의 계절 밥상 1,"20,000","18,000",10%,5%,"1,000",김대석,경향BP,20260923,요리
49,9791124272886,S000221328210,김밥 책,"25,000","22,500",10%,5%,"1,250",우정욱,한스미디어,20260922,요리
50,9791187938224,S000220947217,Molino Project(몰리노 프로젝트),"30,000","27,000",10%,5%,"1,500",진우범,그레파이트온핑크,20260910,요리
51,9791130682945,S000221161693,유안맘마의 원물 간식 레시피,"25,000","22,500",10%,5%,"1,250",임혜나,다산북스,20260903,요리
52,9791143419552,S000221108766,COFFEE BAEDEKER,"20,000","18,000",10%,5%,"1,000",황호림,시대인,20260828,요리
53,9791124112083,S000220783518,장이 편한 치유 음식,"28,000","25,200",10%,5%,"1,400",이정란,비앤씨월드,20260820,요리
54,9791168625198,S000220716151,매일 맛있는 고기 요리 레시피 55,"18,000","16,200",10%,5%,900,후카자와 아야,시그마북스,20260820,요리
55,9791192366715,S000220853673,아리미의 베스트셀러 샌드위치,"25,000","22,500",10%,5%,"1,250",신아림,레시피팩토리,20260813,요리
56,9791156163350,S000220589471,혈당 스파이크 잡는 건강 밥상,"20,000","18,000",10%,5%,"1,000",박현진,리스컴,20260803,요리
57,9791140719617,S000220631694,진지인 다이어트 밀프렙 레시피,"22,000","19,800",10%,5%,"1,100",김지인(진지인),길벗,20260727,요리
58,9791174911483,S000220694636,말차 레시피,"28,000","25,200",10%,5%,"1,400",료코 브누아,오름너머,20260720,요리
59,9791176610490,S000220562143,우리동네 어린이병원 이유식 백과,"28,000","25,200",10%,5%,"1,400",손수예 외,21세기북스,20260715,요리
60,9791192366708,S000220466314,"유연한 채식, 페스카테리언의 식탁","25,000","22,500",10%,5%,"1,250",지은경,레시피팩토리,20260707,요리
61,9791194880936,S000220221497,공양간의 셰프들,"23,800","21,420",10%,5%,"1,190",계호 외,생각의힘,20260701,요리
62,9788927462392,S000220297957,바리스타&카페매니지먼트,"22,000","19,800",10%,5%,"1,100",신지해,예문사,20260620,요리
63,9791190118071,S000219976364,참 쉬운 스콘북,"16,800","15,120",10%,5%,840,스와 미키코,북커스,20260520,요리
64,9791198559371,S000219646647,"오늘, 제철 유아식","22,000","19,800",10%,5%,"1,100",이소플레이트,북스레브쿠헨,20260507,요리
65,9788971909300,S000219713104,생선 숙성의 기술,"30,000","27,000",10%,5%,"1,500",김상돈,그린쿡,20260420,요리
66,9791173851872,S000219786450,베이직 초콜릿 테크닉,"17,000","17,000",0%,3%,510,오동환 외,백산출판사,20260420,요리
67,9791161341286,S000219669046,베이킹은 과학이다,"26,000","23,400",10%,5%,"1,300",카지하라 요시하루 외,터닝포인트,20260415,요리
68,9791192366678,S000219682241,다이어트와 건강 루틴 잡는 요니의 밀프렙 샐러드 습관,"26,000","23,400",10%,5%,"1,300",이미연,레시피팩토리,20260414,요리
69,9791124112045,S000219602471,매일을 위한 빵,"30,000","27,000",10%,5%,"1,500",김정은 외,비앤씨월드,20260410,요리
70,9791140717989,S000219334696,첫째아들의 집밥이 맛있어지는 요리 비법,"25,000","22,500",10%,5%,"1,250",이승훈,길벗,20260331,요리
71,9791140717798,S000219411341,와인 상식사전,"22,000","19,800",10%,5%,"1,100",이기태,길벗,20260325,요리
72,9791199539297,S000219333519,김치 책,"33,000","29,700",10%,5%,"1,650",고은정,몽스북,20260303,요리
73,9791155818954,S000219243924,정관스님 나의 음식(백양사 고불매 리커버 양장 에디션),"27,800","25,020",10%,5%,"1,390",정관스님,윌북,20260303,요리
74,9791160322675,S000219336016,초간단 원팬 레시피,"22,000","19,800",10%,5%,"1,100",다솔쿠,싸이프레스,20260226,요리
75,9791192366654,S000219311437,퍼펙트 크림&디저트,"30,000","27,000",10%,5%,"1,500",박예나,레시피팩토리,20260224,요리
76,9791194274353,S000219342119,맛의 기술 Remastered,"40,000","36,000",10%,5%,"2,000",권혁만,제이알매니지먼트,20260223,요리
77,9788931479515,S000219083479,2026 이기적 한식조리기능사 필기+실기 올인원,"25,000","22,500",10%,5%,"1,250",최경선,영진닷컴,20260213,요리
78,9791199327849,S000219135780,뱃살이 너무 빠져 고민! 닥터셰프 레시피,"19,800","17,820",10%,5%,990,임상진,책과삶,20260206,요리
79,9791168624535,S000219059459,팡 데 필로조프의 식사빵,"28,500","25,650",10%,5%,"1,420",에노모토 아키라,시그마북스,20260205,요리
80,9791161341293,S000218942060,프렌치 셰프의 친절한 프랑스 요리 교과서,"160,000","144,000",10%,1%,"1,600",미쉘 맹상 모렐,터닝포인트,20260120,요리
81,9791175191730,S000217567480,2026 박문각 제과제빵기능사 필기 8개년 기출문제집+무료특강,"15,000","13,500",10%,5%,750,하혜란 외,박문각,20260120,요리
82,9791190118989,S000218935529,회뜨기 바이블,"25,000","22,500",10%,5%,"1,250",시바타쇼텐,북커스,20260115,요리
83,9791194560593,S000219020118,"2026 경록 떡제조기능사 필기, 실기","22,000","19,800",10%,5%,"1,100",임인숙 외,경록,20260115,요리
84,9791189801762,S000219071396,조선셰프 서유구의 죽 이야기,"30,000","27,000",10%,5%,"1,500",풍석문화재단음식연구소 외,자연경실,20260113,요리
85,9791166336034,S000218964538,2026 EBS 제과제빵산업기사 필기 단기합격,"22,000","19,800",10%,5%,"1,100",김경진 외,신지원,20260110,요리
86,9791155785157,S000218964534,선미자의 맛,"28,000","25,200",10%,5%,"1,400",선미자,조선뉴스프레스,20260108,요리
87,9791193516010,S000218974257,칵테일 크래프팅 1: 기본과 고전,"37,000","33,300",10%,5%,"1,850",매태민,프랙티컬프레스,20251229,요리
88,9791136040077,S000218918504,에듀윌 한식조리기능사 실기 한권끝장+과제 무료강의,"20,000","18,000",10%,5%,"1,000",김선희 외,에듀윌,20251229,요리
89,9791167826091,S000218729805,사계절 김치 레시피,"23,000","20,700",10%,5%,"1,150",배명자,상상출판,20251210,요리
90,9791140716524,S000218629636,365일 집밥 레시피,"25,000","22,500",10%,5%,"1,250",황보경,길벗,20251126,요리
91,9791191994469,S000218666672,나폴리 맛피아 시크릿 레시피,"26,000","23,400",10%,5%,"1,300",권성준,용감한 까치,20251125,요리
92,9791193388242,S000218360394,초간단 삼플식당 레시피북,"22,000","19,800",10%,5%,"1,100",샘플리,서스테인,20251103,요리
93,9791198516282,S000218203398,"영양사 다른맘의 오늘, 아이 첫 끼","19,800","17,820",10%,5%,990,정은주,온포인트,20251027,요리
94,9788987931777,S000218229364,김치명인 이하연의 별별김치,"38,000","34,200",10%,5%,"1,900",이하연,한국외식정보,20251021,요리
95,9788931479829,S000217421997,이기적 바리스타 2급 필기 기본서,"17,000","15,300",10%,5%,850,임형준,영진닷컴,20250922,요리
96,9791174910103,S000217556218,2026 제과제빵기능사 CBT 기출문제집,"20,000","18,000",10%,5%,"1,000",김연진,종이향기,20250910,요리
97,9791156163039,S000217462922,한복선의 한식 대백과,"25,000","22,500",10%,5%,"1,250",한복선,리스컴,20250902,요리
98,9791173850394,S000217066348,조리교육의 이해,"21,000","21,000",0%,3%,630,나태균,백산출판사,20250826,요리
99,9788971909126,S000217295682,생선 마스터 클래스,"29,000","26,100",10%,5%,"1,450",시마즈 오사무,그린쿡,20250814,요리
100,9791194777328,S000217151254,식탁의 장면들,"25,000","22,500",10%,5%,"1,250",이민경,한스미디어,20250731,요리
1,9788915008601,S000220700678,임신 출산 육아 대백과(2026-2027),"19,500","17,550",10%,5%,970,삼성출판사 편집부,삼성출판사,20260730,가정/육아
2,9791122019827,S000220939598,세상을 움직이는 아이들은 무엇이 다른가,"18,800","16,920",10%,5%,940,임지은,다빈치페이지,20260910,가정/육아
3,9791164053704,S000221030617,멈추지 못하는 아이들,"18,500","16,650",10%,5%,920,선자연,북하우스,20260907,가정/육아
4,9791168127531,S000208779616,최민준의 아들코칭 백과,"18,800","16,920",10%,5%,940,최민준,위즈덤하우스,20230830,가정/육아
5,9791171174348,S000213691665,0~3세 기적의 뇌과학 육아,"20,000","18,000",10%,5%,"1,000",그리어 커센바움,21세기북스,20240703,가정/육아
6,9791124591123,S000220995922,사춘기 아이와 대화하는 법은 따로 있습니다,"18,500","16,650",10%,5%,920,홍순범,포레스트북스,20260826,가정/육아
7,9791168273863,S000218737010,가장 완벽한 ADHD 양육 가이드,"20,000","18,000",10%,5%,"1,000",박소영 외,카시오페아,20251210,가정/육아
8,9791195795505,S000001967750,삐뽀삐뽀 119 소아과,"29,800","26,820",10%,5%,"1,490",하정훈,유니책방,20240105,가정/육아
9,9791193842805,S000220734607,불편함을 다룰 줄 아는 아이,"20,000","18,000",10%,5%,"1,000",최재희,청림라이프,20260819,가정/육아
10,9791194725435,S000219796379,잘 자고 잘 먹는 아기의 시간표,"22,000","19,800",10%,5%,"1,100",정재호,한빛라이프,20260506,가정/육아
11,9788965749868,S000001026120,내 아이를 위한 감정코칭,"20,000","18,000",10%,5%,"1,000",최성애 외,해냄출판사,20200215,가정/육아
12,9791191994520,S000221281557,아이와 친해지는 101가지 방법,"19,800","17,820",10%,5%,990,혜삼,용감한 까치,20260915,가정/육아
13,9791124497142,S000220937930,한자 어휘 일력 365,"25,000","22,500",10%,5%,"1,250",이은경,서교책방,20260827,가정/육아
14,9791172102357,S000220922511,최상위권의 비밀,"19,800","17,820",10%,5%,990,로미(김민지),동양북스,20260824,가정/육아
15,9788901299938,S000220094271,너무 빨리 배우는 아이들,"18,800","16,920",10%,5%,940,천근아,웅진지식하우스,20260605,가정/육아
16,9791199340053,S000219075118,불안의 시간을 건너는 너를 지키는 말,"17,800","16,020",10%,5%,890,스즈키 하야토,퍼스트페이지,20260209,가정/육아
17,9788964360002,S000214866398,김수연의 아기발달백과,"28,000","25,200",10%,5%,"1,400",김수연,삼인,20241125,가정/육아
18,9791164133055,S000001825877,엄마 나는 자라고 있어요,"22,000","19,800",10%,5%,"1,100",헤티 판 더 레이트 외,북폴리오,20191115,가정/육아
19,9791176821773,S000221281892,"초등 입학, 마음 근육이 먼저입니다","19,500","17,550",10%,5%,970,박미리,미다스북스,20260928,가정/육아
20,9791197672125,S000001987855,똑게육아,"22,200","19,980",10%,5%,"1,110",로리(김준희),북로스트,20220224,가정/육아
21,9791165260859,S000001835405,베이비 몬테소리 육아대백과,"17,000","15,300",10%,5%,850,시모네 데이비스 외,키출판사,20210709,가정/육아
22,9788934986652,S000000597842,어떻게 말해줘야 할까,"19,800","17,820",10%,5%,990,오은영,김영사,20201025,가정/육아
23,9791186494431,S000001886110,세상에서 제일 재밌는 종이접기,"14,000","12,600",10%,5%,700,네모아저씨 이원표,슬로래빗,20180824,가정/육아
24,9791168226289,S000221280359,다섯 살 사회 정서,"18,500","16,650",10%,5%,920,박밝음,서사원,20260921,가정/육아
25,9791188915804,S000220922882,ADHD 아이 학교에서 살아남기,"21,000","18,900",10%,5%,"1,050",박정은,소울하우스,20260820,가정/육아
26,9791168273214,S000217455084,엄마의 말 공부,"20,000","18,000",10%,5%,"1,000",이임숙,카시오페아,20250903,가정/육아
27,9791185402628,S000061451106,세줄쓰기,"12,000","10,800",10%,5%,600,이은경,상상아카데미,20220720,가정/육아
28,9791186117002,S000001879640,하루 5분 아빠 목소리,"19,500","17,550",10%,5%,970,정홍,위즈덤하우스,20141120,가정/육아
29,9788947503228,S000221354833,SKY와 의대는 이런 학생을 선발합니다,"22,000","19,800",10%,5%,"1,100",하지원,한국경제신문,20260921,가정/육아
30,9791130682686,S000220929779,아이 마음 멍들지 않게,"19,000","17,100",10%,5%,950,이근후,다산북스,20260820,가정/육아
31,9791193639818,S000219488505,중3을 위한 고등학교 사용 설명서,"20,000","18,000",10%,5%,"1,000",이승우,좋은습관연구소,20260401,가정/육아
32,9791197672170,S000216719361,똑게육아 올인원,"20,500","18,450",10%,5%,"1,020",로리(김준희),북로스트,20250528,가정/육아
33,9791172101084,S000216374928,세상에서 가장 친절한 종이접기: 인기편,"16,800","15,120",10%,5%,840,종이쌤,동양북스,20250502,가정/육아
34,9791168342682,S000215820951,그릿,"18,800","16,920",10%,5%,940,김주환,인플루엔셜,20250226,가정/육아
35,9791193379455,S000215112483,주제 요약하기 기본,"12,000","10,800",10%,5%,600,이은경,상상아카데미,20250110,가정/육아
36,9791193506981,S000214934818,아이의 뇌,"17,800","16,020",10%,5%,890,김붕년,포레스트북스,20241211,가정/육아
37,9791165269562,S000214822606,영유아 몬테소리 육아대백과,"17,000","15,300",10%,5%,850,시모네 데이비스,키출판사,20241122,가정/육아
38,9788925551425,S000000477862,잠수네 아이들의 소문난 영어공부법: 통합로드맵,"28,000","25,200",10%,5%,"1,400",이신애,알에이치코리아,20131101,가정/육아
39,9788931483956,S000221190092,공부 머리 만들어 주는 기적의 스트레칭,"18,000","16,200",10%,5%,900,방글,영진닷컴,20260918,가정/육아
40,9791190488730,S000221109093,초등일타국어 학습가이드,"17,000","15,300",10%,5%,850,최지아,코리아닷컴,20260910,가정/육아
41,9791193154656,S000221102585,불안 없는 아이,"22,000","19,800",10%,5%,"1,100",메러디스 엘킨스,교양인,20260907,가정/육아
42,9791175790889,S000221031456,"AI 시대, 부모로 살아가기","19,800","17,820",10%,5%,990,김덕진 외,한빛미디어,20260901,가정/육아
43,9791142357763,S000220438589,아이의 친구관계를 다루다,"20,000","18,000",10%,5%,"1,000",정유진,니들북,20260716,가정/육아
44,9791193842775,S000220466287,노력이 무기가 될 때,"19,000","17,100",10%,5%,950,김현주,청림라이프,20260708,가정/육아
45,9791168104419,S000220094309,청소년 정신 건강에 관한 모든 질문,"18,500","16,650",10%,5%,920,홍현주,주니어태학,20260605,가정/육아
46,9791190488679,S000220037116,굿 인사이드,"21,000","18,900",10%,5%,"1,050",베키 케네디,코리아닷컴,20260520,가정/육아
47,9791193407523,S000219795605,수학 잘하는 아이는 이렇게 공부합니다,"19,800","17,820",10%,5%,990,류승재,블루무스,20260420,가정/육아
48,9791168274181,S000219386401,한 권으로 끝내는 합격 생기부 탐구력,"24,000","21,600",10%,5%,"1,200",이로울쌤(이미연),카시오페아,20260320,가정/육아
49,9791168274297,S000219340703,아이의 친구 관계,"20,000","18,000",10%,5%,"1,000",김붕년,카시오페아,20260311,가정/육아
50,9791173324888,S000219080618,"너는 꽃이야, 별이야, 바람이야","23,000","20,700",10%,5%,"1,150",오은영,김영사,20260128,가정/육아
51,9788927881445,S000218900948,내 생애 첫 임신 출산 육아책(2026~2027),"25,000","22,500",10%,5%,"1,250",중앙북스 편집부,중앙북스,20260105,가정/육아
52,9791199340022,S000218277201,아이의 뇌는 부모의 태도를 기억한다,"17,700","15,930",10%,5%,880,도모다 아케미,퍼스트페이지,20251110,가정/육아
53,9791173575259,S000218184215,산만한 아이를 위한 본질육아,"22,000","19,800",10%,5%,"1,100",지나영,21세기북스,20251022,가정/육아
54,9791191937589,S000217140753,하루 한 장 임신 출산 데일리북,"30,000","27,000",10%,5%,"1,500",김문영 외,이덴슬리벨,20250811,가정/육아
55,9791164052356,S000211987833,조선미의 초등생활 상담소,"18,500","16,650",10%,5%,920,조선미,북하우스,20240123,가정/육아
56,9791140703166,S000201039832,말문이 터지는 언어놀이,"18,000","16,200",10%,5%,900,김지호,길벗,20230215,가정/육아
57,9791190776820,S000001943656,4~7세보다 중요한 시기는 없습니다(15만 부 기념 에디션),"19,000","17,100",10%,5%,950,이임숙,카시오페아,20210802,가정/육아
58,9791190630962,S000001942286,하루 5분 뇌태교 동화,"18,000","16,200",10%,5%,900,정홍,위즈덤하우스,20200427,가정/육아
59,9791188007134,S000001908907,엄마의 말하기 연습,"14,800","13,320",10%,5%,740,박재연,한빛라이프,20180226,가정/육아
60,9791186117798,S000001879682,하루 5분 탈무드 태교 동화,"17,000","15,300",10%,5%,850,정홍,위즈덤하우스,20170605,가정/육아
61,9788965744528,S000001025888,회복탄력성,"18,000","16,200",10%,5%,900,최성애,해냄출판사,20140728,가정/육아
62,9791193842843,S000221191732,오늘부터 나를 사랑하는 엄마가 되기로 했다,"18,000","16,200",10%,5%,900,케다맘,청림라이프,20260923,가정/육아
63,9791194423034,S000221268509,이럴 때 이런 그림책,"26,500","23,850",10%,5%,"1,320",엄혜숙 외,세로북스,20260915,가정/육아
64,9791167601407,S000220952928,부부 사이를 풀어 주는 관계 회복법,"18,000","16,200",10%,5%,900,김미혜,북스고,20260831,가정/육아
65,9791166572388,S000220950401,초등 저학년 문학 필독서 30,"17,900","16,110",10%,5%,890,안지원,센시오,20260831,가정/육아
66,9791199359383,S000220716117,입시는 중학교에서 끝난다,"22,000","19,800",10%,5%,"1,100",오대교,타인의취향,20260805,가정/육아
67,9791193865286,S000220648737,똑똑한 아들로 키우는 문해력 처방전,"19,000","17,100",10%,5%,950,김선호,노르웨이숲,20260805,가정/육아
68,9791124137529,S000220512395,SKY 합격 생기부 공식,"22,000","19,800",10%,5%,"1,100",윤윤구 외,빅피시,20260729,가정/육아
69,9788901300276,S000220500021,천종현의 초등수학 공부의 정석,"19,000","17,100",10%,5%,950,천종현,웅진지식하우스,20260725,가정/육아
70,9791124318041,S000220500797,예민한 아이 육아백과,"19,800","17,820",10%,5%,990,서지예,빈티지하우스,20260723,가정/육아
71,9791163865964,S000220342822,영어 유치원,"18,000","16,200",10%,5%,900,김동주,예문아카이브,20260715,가정/육아
72,9791124629109,S000220465882,엄마도 아이도 꼼꼼하게 성장 중입니다,"19,000","17,100",10%,5%,950,석예희,포르체,20260708,가정/육아
73,9791199663657,S000220226501,태교의 과학,"20,000","18,000",10%,5%,"1,000",이승주 외,나이스에듀,20260620,가정/육아
74,9791168225961,S000220177104,3~6세 영어가 모국어처럼 스며드는 시간,"19,800","17,820",10%,5%,990,이설희,서사원,20260618,가정/육아
75,9791124026410,S000220052099,영재는 다르게 작동한다,"19,800","17,820",10%,5%,990,정해민,두드림미디어,20260529,가정/육아
76,9791168225916,S000219752203,중하위권 공부법 바이블,"20,000","18,000",10%,5%,"1,000",김경모(HUMA 아카데미 대표),서사원,20260427,가정/육아
77,9791191937763,S000219670088,경주 대추밭 백한의원의 임신 동의보감,"17,800","16,020",10%,5%,890,백진호,이덴슬리벨,20260422,가정/육아
78,9791193842690,S000219615874,친구들과 잘 지내는 아이들의 비밀,"18,000","16,200",10%,5%,900,김선호,청림라이프,20260422,가정/육아
79,9791199337428,S000219609323,평범한 아이들은 어떻게 최상위권이 되었을까,"19,500","17,550",10%,5%,970,이창준,스틸당(STEALDANG),20260410,가정/육아
80,9791157848683,S000219519484,AI 시대 엄마가 먼저 알아야 할 최상위 공부법,"22,000","19,800",10%,5%,"1,100",오주연 외,한빛비즈,20260330,가정/육아
81,9788947502559,S000219552070,퍼지 키즈,"19,000","17,100",10%,5%,950,한지우,한경매거진앤북,20260330,가정/육아
82,9791141615574,S000219513861,사회정서 키우는 그림책 수업,"24,000","21,600",10%,5%,"1,200",좋아서하는어린이책연구회 외,문학동네,20260325,가정/육아
83,9791130674933,S000219301600,초등 읽기 독립의 힘,"19,000","17,100",10%,5%,950,이명주,다산북스,20260223,가정/육아
84,9791187809623,S000219189916,내 아이 기질을 알면 성장 방향이 보인다,"18,500","16,650",10%,5%,920,조미상,더메이커,20260220,가정/육아
85,9791193904701,S000219083555,일곱 살 아이를 다시 키운다면,"18,000","16,200",10%,5%,900,이은경,서삼독,20260211,가정/육아
86,9791191509625,S000219139455,"까다롭고 예민한 우리 아이, 왜 이렇게 힘들까요?","24,000","21,600",10%,5%,"1,200",송희재,북드림,20260210,가정/육아
87,9791199281325,S000219004631,"다시, 공부머리 독서법: 초등 고학년, 청소년 편","21,000","18,900",10%,5%,"1,050",최승필,책구루,20260207,가정/육아
88,9791168273986,S000219133621,최소한의 훈육,"21,000","18,900",10%,5%,"1,050",이임숙,카시오페아,20260130,가정/육아
89,9791193842607,S000218980006,챗GPT로 시작하는 초등 영어 글쓰기,"19,000","17,100",10%,5%,950,방지현,청림라이프,20260128,가정/육아
90,9791198825070,S000218977738,엄마의 감정 공부,"17,000","15,300",10%,5%,850,박별보라,더테라스(THE TERRACE),20260115,가정/육아
91,9791190888417,S000218741536,느린 아이 행복 수업,"17,700","15,930",10%,5%,880,이혜영,마음책방,20260110,가정/육아
92,9791138850865,S000218881190,인공지능 시대 자녀를 성공으로 이끄는 최고의 부모,"17,000","15,300",10%,5%,850,김영락,좋은땅,20251225,가정/육아
93,9791199505544,S000218786840,ADHD 교사엄마가 ADHD 아이에게 전하는 학교생활백서,"23,000","20,700",10%,5%,"1,150",채나영,에듀니티교육연구소,20251220,가정/육아
94,9791194627173,S000218681298,초등 상위 1%는 이렇게 책을 읽습니다,"19,000","17,100",10%,5%,950,최지아,웨일북(whalebooks),20251205,가정/육아
95,9791192357201,S000218603748,하루의 말이 평생의 아이를 바꾼다,"22,000","19,800",10%,5%,"1,100",원민우,비단숲,20251201,가정/육아
96,9791171011964,S000218365225,엄마라는 바다를 위하여,"20,000","18,000",10%,5%,"1,000",오수영,사람in,20251106,가정/육아
97,9791194534440,S000218306240,아이의 성장 스위치를 켜라: 스스로 배우고 성장하고 싶게 만든다,"20,000","18,000",10%,5%,"1,000",최윤희 외,클라우드나인,20251027,가정/육아
98,9791199326811,S000217347058,"우리 아이 마음 지도, TCI로 읽다","16,000","14,400",10%,5%,800,이안백,북마크,20250820,가정/육아
99,9791159435058,S000217113933,톡톡! 우리 아이 발달 센터,"22,000","22,000",0%,3%,660,임신영,아침사과,20250804,가정/육아
100,9791199340008,S000217112120,부모의 말투는 아이의 감정이 된다,"17,500","15,750",10%,5%,870,우치다 겐지,퍼스트페이지,20250721,가정/육아
1,9791176881326,S000221338082,혈당의 배신,"19,800","17,820",10%,5%,990,박지인,모티브,20260923,건강
2,9791122022803,S000221367583,난치에서 완치로,"22,000","19,800",10%,5%,"1,100",문형철 외,건생병사북스,20260909,건강
3,9791197437311,S000001986541,백년허리 2: 치료편,"18,500","16,650",10%,5%,920,정선근,언탱글링,20210513,건강
4,9791176214537,S000221034296,건강한 세포는 말한다,"19,000","17,100",10%,5%,950,정완식,바른북스,20260827,건강
5,9791194368830,S000218731172,포에버 스트롱,"23,000","20,700",10%,5%,"1,150",가브리엘 라이언,상상스퀘어,20251217,건강
6,9791197437304,S000001986540,백년허리 1: 진단편,"18,500","16,650",10%,5%,920,정선근,언탱글링,20210415,건강
7,9788901299778,S000219791067,착한 염증 나쁜 염증,"21,000","18,900",10%,5%,"1,050",이승훈,웅진지식하우스,20260424,건강
8,9791198463807,S000220997024,잘잘잘 건강,"20,000","18,000",10%,5%,"1,000",무영 외,사람책,20260830,건강
9,9791124649480,S000220465455,나는 알코올중독 의사였습니다,"19,800","17,820",10%,5%,990,이준서,모티브,20260710,건강
10,9791173573699,S000216957024,뇌가 멈추기 전에,"19,900","17,910",10%,5%,990,이승훈,21세기북스,20250702,건강
11,9791197437373,S000213659856,백년목 1,"22,000","19,800",10%,5%,"1,100",정선근,언탱글링,20240625,건강
12,9791199962989,S000221257471,교양 식품과 건강,"22,000","19,800",10%,5%,"1,100",조유란,도서출판등,20260909,건강
13,9791167601322,S000220292977,우아한 노화,"18,800","16,920",10%,5%,940,김수연,북스고,20260626,건강
14,9791158464639,S000220100721,내 몸 오래 쓰는 백년 스트레칭,"19,000","17,100",10%,5%,950,김범수,비타북스,20260529,건강
15,9791190488662,S000219407452,감각의 뇌과학,"22,000","19,800",10%,5%,"1,100",문제일,코리아닷컴,20260315,건강
16,9791194755197,S000216423055,"암에 지는 사람, 암을 이기는 사람(무병장수 에디션)","19,000","17,100",10%,5%,950,김의신,쌤앤파커스,20250508,건강
17,9791197437380,S000213842023,백년목 2,"22,000","19,800",10%,5%,"1,100",정선근,언탱글링,20240718,건강
18,9791172102548,S000221250706,내 몸을 아는 힘,"18,500","16,650",10%,5%,920,박은지,동양북스,20260921,건강
19,9791159435423,S000218960888,비만록: 나는 마운자로를 맞는 의사다,"18,000","16,200",10%,5%,900,장형우,아침사과,20260120,건강
20,9791198648013,S000214976463,만성질환 자연치료 식이요법 갭스(GAPS diet),"33,000","29,700",10%,5%,"1,650",Natasha Campbell-McBride,겸엑스,20241216,건강
21,9788901285146,S000213667191,해독 혁명,"18,500","16,650",10%,5%,920,닥터 라이블리(최지영),웅진지식하우스,20240630,건강
22,9791189809621,S000211029600,병에 걸려도 잘 사는 법,"21,000","18,900",10%,5%,"1,050",김영길,서울셀렉션,20231106,건강
23,9791191378238,S000061757976,나영무 박사의 암 치유 기적의 운동,"17,000","15,300",10%,5%,850,나영무,체인지업,20220913,건강
24,9791168226180,S000220923757,식탁 위의 염증,"20,000","18,000",10%,5%,"1,000",김슬기,서사원,20260910,건강
25,9788965968580,S000221193501,치매인 줄 알았는데 우울증,"19,000","17,100",10%,5%,950,와다 히데키,흐름출판,20260908,건강
26,9791187330394,S000220211130,자가 수리점,"18,000","16,200",10%,5%,900,헨리 비일러,사이몬북스,20260701,건강
27,8809565330452,S000219862588,시니어 힐링 필사 노트: 마음글벗 - 성경 필사(큰글자도서)(노출제본),"16,000","11,200",30%,0%,0,베이직콘텐츠랩,베이직북스,20260511,건강
28,9788936481278,S000219795854,가짜 환자,"18,000","16,200",10%,5%,900,김현아,창비,20260424,건강
29,9791192376288,S000208575001,뇌전증 이야기,"19,800","17,820",10%,5%,990,김흥동,페이퍼로드,20230821,건강
30,9791196834005,S000001981146,백년운동,"19,500","17,550",10%,5%,970,정선근,아티잔,20191031,건강
31,9788967441791,S000001047356,환자 혁명,"15,000","13,500",10%,5%,750,조한경,에디터,20171111,건강
32,9788996035510,S000001587680,아사나 쁘라나야마 무드라 반다(한국어판),"31,000","27,900",10%,1%,310,한국요가출판사 편집부,한국요가출판사,20060101,건강
33,9791191443523,S000221194281,조은날하루의 항암 생존 레시피,"18,000","16,200",10%,5%,900,조은날하루,북핀,20260930,건강
34,9791124401385,S000221248771,당신의 마지막 피부과,"20,000","18,000",10%,5%,"1,000",박상영 외,나비의활주로,20260923,건강
35,9791163722724,S000221367748,백년양치질,"20,000","18,000",10%,5%,"1,000",허석모,소리내,20260920,건강
36,8809565330483,S000220616175,큰 글자 매일 필사: 명언,"12,000","8,400",30%,0%,0,다숲,은빛서재,20260914,건강
37,9791192806303,S000221162702,마스터,"16,800","15,120",10%,5%,840,케이(넥스트레벨힐러),케이미라클모닝,20260908,건강
38,9791124336182,S000221173636,이명은 어떻게 사라지는가,"25,000","22,500",10%,5%,"1,250",김영호,사이언스북스,20260831,건강
39,9791176611022,S000220923028,원시인 수면법,"24,000","21,600",10%,5%,"1,200",메레인 판더라르,21세기북스,20260826,건강
40,9791158464677,S000220931144,"그 통증, 사실은 턱관절이 문제입니다","18,500","16,650",10%,5%,920,박보라,비타북스,20260826,건강
41,9791124073353,S000220573910,자도 자도 피곤한 당신을 위한 수면 처방,"20,000","18,000",10%,5%,"1,000",이준용,미래의창,20260803,건강
42,9791124272589,S000220699641,한 번 배우면 평생 쓰는 해부학,"24,000","21,600",10%,5%,"1,200",하시모토 히사시,한스미디어,20260731,건강
43,8809565330476,S000220339984,큰 글자 매일 필사: 속담,"12,000","8,400",30%,0%,0,다숲,은빛서재,20260720,건강
44,9791199691445,S000220221512,콩팥 대회복,"17,800","16,020",10%,5%,890,고즈키 마사히로,북웨이브,20260709,건강
45,9791190227681,S000219931328,제시언니의 갱년기 수업,"19,800","17,820",10%,5%,990,제시언니,힘찬북스,20260518,건강
46,9791192156514,S000219930850,매일 두뇌 건강 트로트 필사,"17,800","16,020",10%,5%,890,HRS 학습센터,가위바위보,20260515,건강
47,8809416542270,S000220120863,어르신들을 위한 시니어 가로세로 낱말퍼즐,"13,500","9,450",30%,0%,0,정희경,달곰미디어,20260515,건강
48,9791159435508,S000219595938,남스어프로치,"29,000","26,100",10%,5%,"1,450",남준록 외,아침사과,20260406,건강
49,9791160322699,S000219544248,김명섭의 아나토미 헬스 교실,"24,800","22,320",10%,5%,"1,240",김명섭,싸이프레스,20260325,건강
50,8809565330407,S000219311357,시니어 힐링 필사 노트: 마음글벗 - 세계 명언 필사(큰글자도서)(노출제본),"16,000","11,200",30%,0%,0,베이직콘텐츠연구소,베이직북스,20260223,건강
51,8809416542249,S000219135434,어르신들을 위한 시니어 숨은그림찾기,"13,500","9,450",30%,0%,0,서석근,달곰미디어,20260115,건강
52,9791163144069,S000216290118,건강지속력,"18,000","16,200",10%,5%,900,조셉킴,보리출판사,20250415,건강
53,9791197987694,S000215523027,요가 아나토미,"32,000","28,800",10%,5%,"1,600",레슬리 카미노프 외,푸른솔,20250108,건강
54,9791194087014,S000215065685,스트레칭의 과학,"25,000","22,500",10%,5%,"1,250",리다 말렉,사이언스북스,20241231,건강
55,9791186745762,S000214846596,기적의 편식,"16,800","15,120",10%,5%,840,김주영,정말중요한,20241130,건강
56,9791158464271,S000214604344,"만병의 근원, 담적증후군","22,000","19,800",10%,5%,"1,100",최서형,헬스조선,20241030,건강
57,9791189809720,S000214846346,나를 살리는 생명 리셋,"24,800","22,320",10%,5%,"1,240",전홍준,서울셀렉션,20241021,건강
58,9791191136272,S000214197890,이명과 난청 리셋법,"17,700","15,930",10%,5%,880,기무라 시노부,청홍,20241010,건강
59,9791198055378,S000202652616,주디스의 회복 요가,"24,000","21,600",10%,5%,"1,200",주디스 핸슨 라세터,침묵의향기,20230614,건강
60,9791156162957,S000201055874,콩팥병을 이기는 매일 밥상,"18,000","16,200",10%,5%,900,어메이징푸드,리스컴,20230302,건강
61,9788967442491,S000200135471,"말기 암 진단 10년, 건강하게 잘 살고 있습니다","18,000","16,200",10%,5%,900,주마니아,에디터,20221107,건강
62,9791159433405,S000061442604,글루코스 혁명,"18,000","18,000",0%,3%,540,제시 인차우스페,아침사과,20220712,건강
63,9791159555824,S000001780564,췌장암 안내서,"30,000","30,000",0%,3%,900,김송철 외,군자출판사,20200731,건강
64,9788994950273,S000001559612,윤홍식의 용호비결 강의,"20,000","18,000",10%,5%,"1,000",윤홍식,봉황동래,20190111,건강
65,9791158462390,S000001767370,닥터키친의 맛있는 당뇨 밥상,"16,800","15,120",10%,5%,840,닥터키친 식이연구소,비타북스,20180601,건강
66,9788995797020,S000001581498,요가 디피카,"28,000","26,600",5%,5%,"1,400",B.K.S. 아헹가,선요가,20141215,건강
67,9791185020600,S000001861031,당뇨약 끊기 3개월 프로그램,"14,000","12,600",10%,5%,700,신동진,비타북스,20141125,건강
68,9791193842836,S000221354804,어떻게 나이 들지 배웁니다,"19,000","17,100",10%,5%,950,김광일,청림라이프,20261006,건강
69,9791170685296,S000221367536,통증의 착각 1,"21,000","21,000",0%,3%,630,조성형 외,군자출판사,20260921,건강
70,9791170685302,S000221368599,통증의 착각 2,"21,000","21,000",0%,3%,630,조성형 외,군자출판사,20260921,건강
71,9791199855588,S000221194201,집에서 치매 부모 돌보는 법,"24,000","21,600",10%,5%,"1,200",박창훈,디멘시아북스(DementiaBooks),20260915,건강
72,9791193659083,S000220957052,미소력,"19,000","17,100",10%,5%,950,김태형,헤세의서재,20260915,건강
73,9791194124245,S000221151674,내 마음에 꽃이 피었습니다: 꽃편,"14,000","12,600",10%,5%,700,건강 100세 연구원,비타민북,20260915,건강
74,9788925569321,S000221062108,김병곤의 평생 건강,"20,000","18,000",10%,5%,"1,000",김병곤,알에이치코리아,20260907,건강
75,9791198742179,S000221143299,홍정기의 장수근육 혁명,"19,800","17,820",10%,5%,990,홍정기,깸,20260915,건강
76,9788901300610,S000220991146,대사 리셋,"22,000","19,800",10%,5%,"1,100",벤 아자디,웅진지식하우스,20260825,건강
77,9791199524101,S000220723186,세계최초 생리학적 체중감량,"18,000","16,200",10%,5%,900,OX경제연구소,OX경제연구소,20260824,건강
78,9791124848005,S000220663382,술 패러독스,"22,000","19,800",10%,5%,"1,100",박상철,서울셀렉션,20260805,건강
79,9791124665015,S000220662625,척추 측만증 바르게 이해하기,"22,000","19,800",10%,5%,"1,100",김용정,서울의학서적,20260801,건강
80,9791186745984,S000220616117,미네랄은 어떻게 내 몸을 고치는가,"25,000","22,500",10%,5%,"1,250",제임스 디니콜란토니오 외,정말중요한,20260731,건강
81,9791199978195,S000220582802,실전교도소 건달운동법,"48,000","43,200",10%,5%,"2,400",시라소니한샘,시라소니컴퍼니(SIRASONY COMPANY),20260724,건강
82,9791199024670,S000220516435,아픈 사람의 99%는 장누수다,"20,000","18,000",10%,5%,"1,000",강신용,내몸사랑연구소,20260724,건강
83,9791187847236,S000220510264,"전립선암, 제대로 알고 제대로 치료하자","25,000","22,500",10%,5%,"1,250",변석수,와우라이프,20260720,건강
84,9791194124221,S000220293062,나는 쓴다 윤동주(큰글씨),"17,800","16,020",10%,5%,890,윤동주,비타민북,20260710,건강
85,9788997347285,S000220466727,혈관 해독: 10분 루틴,"25,000","22,500",10%,5%,"1,250",밸류어블라이프,THE나래,20260705,건강
86,9788976048196,S000220276012,완전 해독으로 내 몸 리셋,"19,800","17,820",10%,5%,990,박찬우,문예춘추사,20260630,건강
87,9791173326998,S000220296840,우리는 어떻게 다시 젊어지는가,"19,800","17,820",10%,5%,990,안강,김영사,20260630,건강
88,9788901300207,S000220356371,마흔부터 생존 감량,"19,500","17,550",10%,5%,970,김경곤,웅진지식하우스,20260629,건강
89,9791197606816,S000220218656,누구나 비만 탈출하기,"18,000","16,200",10%,5%,900,OX경제연구소,글로벌,20260626,건강
90,9791168624849,S000220240846,헝거코드,"22,000","19,800",10%,5%,"1,100",제이슨 펑,시그마북스,20260619,건강
91,9791124370698,S000220042233,체질혁명,"22,000","19,800",10%,5%,"1,100",체질닥터(박철진),모티브,20260529,건강
92,9791176560061,S000220054179,역노화 솔루션,"22,000","19,800",10%,5%,"1,100",장일영,페스트북,20260522,건강
93,9791170684619,S000220053930,풋살 부상 가이드,"20,000","18,000",10%,5%,"1,000",권병조 외,군자출판사,20260522,건강
94,9788927813637,S000219925858,살 빠지는 몸의 비밀,"19,000","17,100",10%,5%,950,아네테 삼스,중앙북스,20260507,건강
95,9791199269583,S000219918666,하루 10분 걷듯이 달렸을 뿐인데,"18,000","16,200",10%,5%,900,다나카 히로아키,향기책방,20260507,건강
96,9791186745960,S000219785819,안 아픈 아이 잘 낫는 아이 이렇게 키워라,"22,000","19,800",10%,5%,"1,100",엘리사 송,정말중요한,20260430,건강
97,9791193939512,S000219725308,첫 끼의 기적,"18,800","16,920",10%,5%,940,조승우,라곰,20260422,건강
98,9791194627265,S000219680920,100년 쓰는 몸을 만드는 걷기와 달리기,"20,000","18,000",10%,5%,"1,000",김병곤,웨일북(whalebooks),20260420,건강
99,9791175780194,S000219713029,하버드 식사 혁명,"17,800","16,020",10%,5%,890,하마야 리쿠타,부키,20260417,건강
100,9791157787500,S000219665365,"새로운, 걸으면 산다 2(큰글자도서)","15,000","13,500",10%,5%,750,김영길,맑은샘,20260407,건강
1,9791140719914,S000220662769,클로드 코드 제대로 시작하기,"32,000","28,800",10%,5%,"1,600",주홍철 외,길벗,20260805,컴퓨터/IT
2,9791158396510,S000218736039,2026 이지패스 ADsP 데이터분석 준전문가,"30,000","27,000",10%,5%,"1,500",박현민 외,위키북스,20260102,컴퓨터/IT
3,9791124373071,S000220363675,챗GPT · 제미나이 · 클로드까지 모두를 위한 AI,"22,000","19,800",10%,5%,"1,100",지현이(디지털거북이),시프트,20260730,컴퓨터/IT
4,9791174911612,S000221031921,기술노트,"33,000","29,700",10%,5%,"1,650",기술노트 알렉,지식오름,20260905,컴퓨터/IT
5,9791199551039,S000218853684,2026 수제비 정보처리기사 실기 기본서,"40,000","36,000",10%,5%,"2,000",윤영빈 외,수제비출판사,20260105,컴퓨터/IT
6,9788988474914,S000212021705,SQL 자격검정 실전문제,"18,000","18,000",0%,3%,540,한국데이터산업진흥원,한국데이터산업진흥원,20231229,컴퓨터/IT
7,9791199730137,S000220042183,2026 수제비 정보처리기사 실기 Final 모의고사,"34,000","30,600",10%,5%,"1,700",윤영빈 외,수제비출판사,20260615,컴퓨터/IT
8,9791124516133,S000219916961,"바로바로 클로드 with 코워크, 스킬, 클로드 코드, 디자인","28,000","25,200",10%,5%,"1,400",차진우,골든래빗(주),20260520,컴퓨터/IT
9,9788931483215,S000220843869,2027 이기적 컴퓨터활용능력 2급 필기+실기 올인원,"27,000","24,300",10%,5%,"1,350",홍태성 외,영진닷컴,20260920,컴퓨터/IT
10,9791140717507,S000219186294,2026 시나공 정보처리기사 실기 기본서,"40,000","36,000",10%,5%,"2,000",길벗알앤디 외,길벗,20260227,컴퓨터/IT
11,9791140716647,S000218499838,2026 시나공 컴퓨터활용능력 2급 필기 기출문제집,"13,000","11,700",10%,5%,650,길벗알앤디,길벗,20260105,컴퓨터/IT
12,9791140715886,S000218090666,2026 한 권으로 끝내는 시나공 컴활 2급 필기+실기,"27,000","24,300",10%,5%,"1,350",길벗알앤디,길벗,20251015,컴퓨터/IT
13,9791140716630,S000218498075,2026 시나공 컴퓨터활용능력 1급 필기 기출문제집,"17,000","15,300",10%,5%,850,길벗알앤디,길벗,20260105,컴퓨터/IT
14,9791193672389,S000218846417,2026 ADsP 데이터분석 준전문가,"31,000","27,900",10%,5%,"1,550",윤종식,데이터에듀,20251226,컴퓨터/IT
15,9791140715879,S000218090665,2026 한 권으로 끝내는 시나공 컴활 1급 필기+실기,"40,000","36,000",10%,5%,"2,000",길벗알앤디,길벗,20251015,컴퓨터/IT
16,9788965404460,S000220589344,압도적 스킬로 바로 쓰는 클로드 코워크×AI 자동화,"28,000","25,200",10%,5%,"1,400",강다솔 외,프리렉,20260730,컴퓨터/IT
17,9791199529847,S000218728879,혼자 공부하는 바이브 코딩 with 클로드 코드,"30,000","27,000",10%,5%,"1,500",조태호,한빛미디어,20251216,컴퓨터/IT
18,9791124516492,S000220806536,"요즘 AI 루프 엔지니어링, 클로드 코드, 스킬, MCP, 훅, 컨텍스트, 하네스, 리뷰, 오케스트레이션, LLMOps, Langfuse","34,000","30,600",10%,5%,"1,700",박승규,골든래빗(주),20260902,컴퓨터/IT
19,9788960885134,S000220000024,일 잘하는 직장인의 AI 활용법,"22,000","19,800",10%,5%,"1,100",김덕중 외,디지털북스,20260601,컴퓨터/IT
20,9788931482980,S000220048974,2027 이기적 AI-POT AI 프롬프트활용능력 1급 기본서,"30,000","27,000",10%,5%,"1,500",김영진,영진닷컴,20260626,컴퓨터/IT
21,9791140718443,S000219615760,2026 시나공 빅데이터분석기사 실기 Python,"32,000","28,800",10%,5%,"1,600",김태헌,길벗,20260330,컴퓨터/IT
22,9791140717934,S000219436120,2026 시나공 정보처리기사 실기 총정리,"33,000","29,700",10%,5%,"1,650",길벗알앤디,길벗,20260323,컴퓨터/IT
23,9791158396589,S000218962409,이지패스 2026 SQLD SQL 개발자,"26,000","23,400",10%,5%,"1,300",전용문,위키북스,20260116,컴퓨터/IT
24,9791124516539,S000221179951,2027 빠르게 따는 빅데이터분석기사 실기 Python,"32,000","28,800",10%,5%,"1,600",조영훈 외,골든래빗(주),20260914,컴퓨터/IT
25,9791175790964,S000221145132,AI 시스템 설계,"33,000","29,700",10%,5%,"1,650",이한울,한빛미디어,20260907,컴퓨터/IT
26,9791163038863,S000220564212,된다! 하루 만에 끝내는 제미나이 활용법,"21,000","18,900",10%,5%,"1,050",권서림,이지스퍼블리싱,20260901,컴퓨터/IT
27,9791140717491,S000219055682,2026 시나공 정보처리기사 실기 기출문제집,"23,000","20,700",10%,5%,"1,150",길벗알앤디,길벗,20260209,컴퓨터/IT
28,9791140715923,S000217576068,요즘 개발자를 위한 시스템 설계 수업,"35,000","31,500",10%,5%,"1,750",디렌드라 신하 외,길벗,20250926,컴퓨터/IT
29,9791156002390,S000214737985,나도하는 도전 파이썬 코딩,"24,000","24,000",0%,3%,720,류춘하 외,홍릉,20241113,컴퓨터/IT
30,9791124205846,S000221073920,바이브 코딩: 프로덕션의 원칙,"30,000","27,000",10%,5%,"1,500",진 킴 외,제이펍,20260903,컴퓨터/IT
31,9788947503167,S000221074602,AI와 일하는 기술,"30,000","27,000",10%,5%,"1,500",최정혜 외,한국경제신문,20260831,컴퓨터/IT
32,9791140719884,S000220665095,2027 시나공 컴퓨터활용능력 2급 실기 기본서,"24,000","21,600",10%,5%,"1,200",길벗알앤디,길벗,20260824,컴퓨터/IT
33,9791140719457,S000220308524,2027 한 권으로 끝내는 시나공 SQLD,"26,000","23,400",10%,5%,"1,300",서동재,길벗,20260713,컴퓨터/IT
34,9788931482973,S000220049027,2027 이기적 AI-POT AI 프롬프트활용능력 2급 기본서,"30,000","27,000",10%,5%,"1,500",김영진,영진닷컴,20260612,컴퓨터/IT
35,9788931480351,S000219080998,2026 이기적 프로그래밍기능사 실기 기본서,"21,000","18,900",10%,5%,"1,050",임승현,영진닷컴,20260220,컴퓨터/IT
36,9788966113422,S000219083573,2026 알기사 정보보안기사(산업기사) 실기,"46,000","41,400",10%,5%,"2,300",정일영,지안에듀,20260130,컴퓨터/IT
37,9791174040862,S000218676405,2026 해커스 전산회계 2급 2주 합격 이론+실무+최신기출 15회분+무료특강,"24,000","21,600",10%,5%,"1,200",이남호,해커스금융,20260102,컴퓨터/IT
38,9791191600704,S000001952241,진짜 쓰는 실무 엑셀,"21,000","18,900",10%,5%,"1,050",오빠두(전진권),제이펍,20220215,컴퓨터/IT
39,9788931483000,S000221283484,2027 이기적 SQLD SQL 개발자 이론+기출문제,"25,000","22,500",10%,5%,"1,250",강태우,영진닷컴,20261012,컴퓨터/IT
40,9788931480399,S000221145000,2027 이기적 정보처리기사 실기 최신문제집 2주 패스,"22,000","19,800",10%,5%,"1,100",한진만 외,영진닷컴,20260918,컴퓨터/IT
41,9788931483628,S000221031949,2027 이기적 워드프로세서 필기+실기 올인원,"30,000","27,000",10%,5%,"1,500",김옥남 외,영진닷컴,20260914,컴퓨터/IT
42,9791196241650,S000221168707,제로부터 시작하는 인문학 AI 실습,"22,000","19,800",10%,5%,"1,100",김유영,브라운출판사,20260914,컴퓨터/IT
43,9788931484274,S000220843781,"클로드 역대급 활용법 with 코워크, 디자인, 코드, 스킬, 커넥터, 플러그인","28,000","25,200",10%,5%,"1,400",진한별,영진닷컴,20260821,컴퓨터/IT
44,9791175790926,S000220774700,AI 프로덕트 매니지먼트,"26,000","23,400",10%,5%,"1,300",김영욱,한빛미디어,20260810,컴퓨터/IT
45,9791194116240,S000220648919,"하루 10분, AI 동영상 제작하기","22,000","19,800",10%,5%,"1,100",최창희(스토리위너코치),리얼북스,20260801,컴퓨터/IT
46,9791175790810,S000220576144,클로드 에이전트 협업의 기술,"30,000","27,000",10%,5%,"1,500",김승권,한빛미디어,20260727,컴퓨터/IT
47,9791175790599,S000220048885,하네스 엔지니어링 with 클로드 코드,"30,000","27,000",10%,5%,"1,500",황민호,한빛미디어,20260611,컴퓨터/IT
48,9791176440561,S000219811055,2026 해커스 전산세무 2급 한권합격 이론+실무+최신기출 12회분+무료특강,"32,000","28,800",10%,5%,"1,600",이남호,해커스금융,20260427,컴퓨터/IT
49,9791140717514,S000219186331,2026 시나공 정보처리산업기사 실기 기본서,"33,000","29,700",10%,5%,"1,650",길벗알앤디 외,길벗,20260227,컴퓨터/IT
50,9791175790131,S000219002818,AI 에이전트 엔지니어링,"32,000","28,800",10%,5%,"1,600",마이클 알바다,한빛미디어,20260123,컴퓨터/IT
51,9791193666425,S000218933739,2026 흥달쌤의 정보처리기사 실기 세트,"40,000","36,000",10%,5%,"2,000",이흥직,에듀콕스,20260115,컴퓨터/IT
52,9791193747094,S000218822223,2026 아이리포 SQL 개발자 SQLD 모든 것,"26,000","23,400",10%,5%,"1,300",조용학,아이리포,20260102,컴퓨터/IT
53,9791169213745,S000216376461,주니어 백엔드 개발자가 반드시 알아야 할 실무 지식,"28,000","25,200",10%,5%,"1,400",최범균,한빛미디어,20250428,컴퓨터/IT
54,9791169213608,S000216111334,혼자 공부하는 머신러닝+딥러닝,"32,000","28,800",10%,5%,"1,600",박해선,한빛미디어,20250407,컴퓨터/IT
55,9791169212144,S000212911507,혼자 공부하는 네트워크,"28,000","25,200",10%,5%,"1,400",강민철,한빛미디어,20240412,컴퓨터/IT
56,9791169211475,S000208981368,핸즈온 머신러닝,"60,000","54,000",10%,5%,"3,000",오렐리앙 제롱,한빛미디어,20230929,컴퓨터/IT
57,9788966263158,S000001033116,가상 면접 사례로 배우는 대규모 시스템 설계 기초,"24,000","21,600",10%,5%,"1,200",알렉스 쉬,인사이트,20210728,컴퓨터/IT
58,9791156645443,S000001743820,정보보안개론,"30,000","30,000",0%,3%,900,양대일,한빛아카데미,20210630,컴퓨터/IT
59,9791124373163,S000221251716,네이버 블로그 노출·수익화 전략으로 돈이 되는 블로그 운영하기,"22,000","19,800",10%,5%,"1,100",아임플래너(황정희),시프트,20261006,컴퓨터/IT
60,9791124205907,S000221268726,지속 가능한 일러스트레이터,"22,000","19,800",10%,5%,"1,100",정은지,제이펍,20260923,컴퓨터/IT
61,9791194630944,S000221282112,바이브 코딩 주식 자동매매 with 파이썬,"26,000","23,400",10%,5%,"1,300",천인국 외,생능북스,20260922,컴퓨터/IT
62,9788931483222,S000221048140,2027 이기적 컴퓨터활용능력 1급 필기+실기 올인원,"40,000","36,000",10%,5%,"2,000",홍태성 외,영진닷컴,20260921,컴퓨터/IT
63,9788966265527,S000221234634,클린 코드,"45,000","40,500",10%,5%,"2,250",로버트 C. 마틴,인사이트,20260917,컴퓨터/IT
64,9791175790872,S000221178822,요즘 교사를 위한 웹앱 만들기 with 바이브 코딩,"22,000","19,800",10%,5%,"1,100",이상선 외,한빛미디어,20260910,컴퓨터/IT
65,9791124205853,S000221048420,직장인을 위한 AI 에이전트 클로드 코워크,"25,000","22,500",10%,5%,"1,250",케이트리,제이펍,20260903,컴퓨터/IT
66,9791175790957,S000220996795,밑바닥부터 시작하는 딥러닝 6,"35,000","31,500",10%,5%,"1,750",사이토 고키,한빛미디어,20260831,컴퓨터/IT
67,9788927775980,S000221108496,2027 원큐패스 개인정보관리사 CPPG,"38,000","34,200",10%,5%,"1,900",김창중,다락원,20260825,컴퓨터/IT
68,9791140719860,S000220844544,2027 시나공 워드프로세서 실기 기본서 (ver.한글2022),"20,000","18,000",10%,5%,"1,000",길벗알앤디,길벗,20260824,컴퓨터/IT
69,9791140720132,S000220929338,개발자가 문서 작성도 잘해야 하나요?,"22,000","19,800",10%,5%,"1,100",나카타 나오히로,길벗,20260820,컴퓨터/IT
70,9791163038870,S000220694962,된다! 교사를 위한 에듀테크 바이브 코딩 수업 활용법,"21,000","18,900",10%,5%,"1,050",최우현,이지스퍼블리싱,20260820,컴퓨터/IT
71,9791189028619,S000220939783,뚝딱 바로 써먹는 AI 실무 엑셀 : 챗GPT · 제미나이 · 코파일럿,"23,000","20,700",10%,5%,"1,150",주보연,안경다리북스,20260818,컴퓨터/IT
72,9791193205969,S000220575639,SUNO(수노AI)로 무엇이든 만들 수 있다,"18,000","16,200",10%,5%,900,김민구 외,광문각출판미디어,20260810,컴퓨터/IT
73,9791140719969,S000220844453,말하는 대로 완성되는 첫 바이브 코딩 무작정 따라하기,"18,000","16,200",10%,5%,900,성하준 외,길벗,20260810,컴퓨터/IT
74,9788965404446,S000220564240,AI 대세전환 노션Notion X AI 압도적 업무 생산성,"28,000","25,200",10%,5%,"1,400",지니언트,프리렉,20260724,컴퓨터/IT
75,9791140719556,S000220514686,AI 영상 제작,"27,000","24,300",10%,5%,"1,350",문수민 외,길벗,20260715,컴퓨터/IT
76,9791124516379,S000220354895,돈이 되네? 주문과 매출이 동시에 터지는 스마트스토어+쿠팡,"25,800","23,220",10%,5%,"1,290",김경은(단아쌤),골든래빗(주),20260707,컴퓨터/IT
77,9791140719242,S000220340265,그림으로 이해하는 IT 인프라 구조와 기술,"22,000","19,800",10%,5%,"1,100",츠루나가 신이치 외,길벗,20260630,컴퓨터/IT
78,9791136042934,S000220120124,2026 에듀윌 전산세무 1급 한권끝장 이론+실무+최신기출+무료특강,"38,000","34,200",10%,5%,"1,900",박진혁,에듀윌,20260604,컴퓨터/IT
79,9791173400636,S000220095109,데이터 과학을 위한 기초수학 with 파이썬,"28,000","28,000",0%,3%,840,이병준,한빛아카데미,20260526,컴퓨터/IT
80,9791194695462,S000220004015,2026 세무사 남정선의 전산세무 2급 이론+실무+최신기출+100% 무료강의,"33,000","29,700",10%,5%,"1,650",남정선 외,직업상점,20260520,컴퓨터/IT
81,9791127426996,S000219655659,코지마 히데오의 게임론,"21,800","19,620",10%,5%,"1,090",브라이언 히카리 하츠하임,AK TRVIA BOOK,20260410,컴퓨터/IT
82,9791175790407,S000219545154,한눈에 보는 AI 반도체 산업,"26,000","23,400",10%,5%,"1,300",MrTrigger,한빛미디어,20260331,컴퓨터/IT
83,9791175790421,S000219524044,"클로드 코워크 with 스킬, 플러그인","26,000","23,400",10%,5%,"1,300",클리커 외,한빛미디어,20260330,컴퓨터/IT
84,9791175790261,S000219519076,요즘 교사를 위한 에듀테크 수업 활용 가이드 with 2022 개정 교육과정,"24,000","21,600",10%,5%,"1,200",박진환 외,한빛미디어,20260319,컴퓨터/IT
85,9791140717446,S000219019970,2026 시나공 프로그래밍기능사 실기 기본서,"21,000","18,900",10%,5%,"1,050",길벗알앤디,길벗,20260202,컴퓨터/IT
86,9791194695370,S000219189904,2026 혜원장의 전산회계 1급 이론+실무+기출+100% 무료강의,"32,000","28,800",10%,5%,"1,600",이혜원(혜원장),직업상점,20260201,컴퓨터/IT
87,9791198776259,S000218961344,2026 퀵패스 AI-POT AI 프롬프트 활용능력 2급,"29,300","26,370",10%,5%,"1,460",김유성 외,퀵패스,20260119,컴퓨터/IT
88,9791140716142,S000218197628,2026 시나공 정보처리기사 필기 기본서,"35,000","31,500",10%,5%,"1,750",길벗알앤디,길벗,20251124,컴퓨터/IT
89,9791194630197,S000218564769,인공지능 시대의 이산수학,"33,000","29,700",10%,5%,"1,650",김대수 외,생능출판,20251124,컴퓨터/IT
90,9791169214278,S000217939673,AI 엔지니어링,"40,000","36,000",10%,5%,"2,000",칩 후옌,한빛미디어,20250930,컴퓨터/IT
91,9791194383437,S000217347037,요즘 바이브 코딩 클로드 코드 완벽 가이드,"24,000","21,600",10%,5%,"1,200",최지호(코드팩토리),골든래빗(주),20250901,컴퓨터/IT
92,9788931479355,S000217281540,2026 이기적 컴퓨터활용능력 1급 필기+실기 올인원,"40,000","36,000",10%,5%,"2,000",홍태성 외,영진닷컴,20250829,컴퓨터/IT
93,9791173400315,S000216971794,최신 컴퓨터 구조,"32,000","32,000",0%,3%,960,임석구 외,한빛아카데미,20250704,컴퓨터/IT
94,9791169213387,S000215599933,밑바닥부터 시작하는 딥러닝 1(리마스터판),"26,000","23,400",10%,5%,"1,300",사이토 고키,한빛미디어,20250124,컴퓨터/IT
95,9791169212298,S000212853100,이것이 자바다,"38,000","34,200",10%,5%,"1,900",신용권 외,한빛미디어,20240401,컴퓨터/IT
96,9791192932521,S000211901297,매트랩 프로그래밍,"33,000","33,000",0%,3%,990,임석진,생능출판,20240117,컴퓨터/IT
97,9791169210911,S000202252289,혼자 공부하는 C 언어,"26,000","23,400",10%,5%,"1,300",서현우,한빛미디어,20230518,컴퓨터/IT
98,9791162243091,S000061584886,혼자 공부하는 컴퓨터 구조+운영체제,"28,000","25,200",10%,5%,"1,400",강민철,한빛미디어,20220816,컴퓨터/IT
99,9791196918033,S000001981866,비전공자를 위한 이해할 수 있는 IT 지식,"16,800","15,120",10%,5%,840,최원영,티더블유아이지,20200714,컴퓨터/IT
100,9791132102229,S000001693753,이산수학(Rosen의),"38,000","38,000",0%,3%,"1,140",Kenneth H. Rosen,McGraw-Hill Education,20190823,컴퓨터/IT
1,9791176821803,S000221337190,스포츠 AX 대전환,"18,500","16,650",10%,5%,920,홍원표,미다스북스,20260930,취미/실용/스포츠
2,9788927813644,S000220272478,머도쿠,"23,000","20,700",10%,5%,"1,150",마누엘 가란드,중앙북스,20260618,취미/실용/스포츠
3,9788927812975,S000061350533,당신은 사건 현장에 있습니다,"28,000","25,200",10%,5%,"1,400",모데스토 가르시아,중앙북스,20220530,취미/실용/스포츠
4,9791155719701,S000221143185,더 챔피언(The Champion)(2026-2027),"32,000","28,800",10%,5%,"1,600",송영주 외,맥스미디어,20260922,취미/실용/스포츠
5,9791124272855,S000221354453,털실타래 Vol.17 (2026년 가을호),"24,000","21,600",10%,5%,"1,200",일본 보그사,한스미디어,20260930,취미/실용/스포츠
6,9791172102418,S000221031482,가장 쉬운 독학 타로카드 첫걸음,"29,800","26,820",10%,5%,"1,490",타로 알려주는 남자(김지훈),동양북스,20260810,취미/실용/스포츠
7,9788927813361,S000216453428,당신은 사건 현장에 있습니다 시즌 3,"28,000","25,200",10%,5%,"1,400",모데스토 가르시아,중앙북스,20250513,취미/실용/스포츠
8,9788927879718,S000201419276,당신은 사건 현장에 있습니다 시즌 2,"28,000","25,200",10%,5%,"1,400",모데스토 가르시아,중앙북스,20230403,취미/실용/스포츠
9,9791196535032,S000001977636,스도쿠 1(초급/중급),"7,000","6,300",10%,5%,350,수피아편집기획팀,수피아(supia),20190518,취미/실용/스포츠
10,9791124656099,S000221161711,암호 추리 퍼즐 144,"17,000","15,300",10%,5%,850,룸메이커 백종원 외,한빛라이프,20260907,취미/실용/스포츠
11,9791190818445,S000218729682,스프링북 가로세로 낱말퍼즐,"11,900","10,710",10%,5%,590,김형배,시간과공간사,20260120,취미/실용/스포츠
12,9791169780940,S000221075120,20262027 아틀레티코 마드리드 가이드북,"20,000","18,000",10%,5%,"1,000",한준,브레인스토어,20260928,취미/실용/스포츠
13,9791167184351,S000221327758,네모네모 로직 PLUS 고급편 7,"13,000","11,700",10%,5%,650,제우미디어 편집부,제우미디어,20260917,취미/실용/스포츠
14,9791188554980,S000221151021,처음 시작하는 모눈뜨기,"16,800","15,120",10%,5%,840,애플민트,지금이책,20260915,취미/실용/스포츠
15,9791169780797,S000219252659,2026 프로야구 가이드북,"29,000","26,100",10%,5%,"1,450",나유리 외,브레인스토어,20260403,취미/실용/스포츠
16,9788925572765,S000219378277,F1 더 포뮬러,"22,000","19,800",10%,5%,"1,100",조슈아 로빈슨 외,알에이치코리아,20260320,취미/실용/스포츠
17,9791194456254,S000219545701,ACSM's 운동검사 운동처방 지침,"30,000","30,000",0%,3%,900,ACSM,한미의학,20260225,취미/실용/스포츠
18,9791142342110,S000219145493,소워니놀이터 숲속마을 스퀴시북,"20,000","18,000",10%,5%,"1,000",조윤성(소워니놀이터),대원앤북,20260205,취미/실용/스포츠
19,9788947501613,S000216646874,벤 호건 골프의 기본,"22,000","19,800",10%,5%,"1,100",벤 호건 외,한국경제신문,20250530,취미/실용/스포츠
20,9788936629038,S000216124579,당구에 미치다,"32,000","28,800",10%,5%,"1,600",신용인 외,일신서적출판사,20250410,취미/실용/스포츠
21,9791172100773,S000214625981,knits pour moi 나를 위한 뜨개,"31,500","28,350",10%,5%,"1,570",김수민,동양북스,20241028,취미/실용/스포츠
22,9791188150649,S000210428433,체육측정평가,"25,000","22,500",10%,5%,"1,250",조정환 외,위북스,20230831,취미/실용/스포츠
23,9788927879947,S000208710089,크라임 퍼즐,"19,500","17,550",10%,5%,970,G.T.Karber,중앙북스,20230811,취미/실용/스포츠
24,9791188546275,S000001915945,마기카로기아: 기본룰북,"32,000","32,000",0%,3%,960,카와시마 토이치로 외,티알피지클럽(TRPG CLUB),20200731,취미/실용/스포츠
25,9791160074352,S000001788184,가장 친절한 타로,"22,000","19,800",10%,5%,"1,100",LUA,한스미디어,20191119,취미/실용/스포츠
26,9788971429914,S000001100374,스프링북 스도쿠 1(초급 중급),"7,500","6,750",10%,5%,370,스도쿠 존 연구소 외,시간과공간사,20180108,취미/실용/스포츠
27,9788971429921,S000001100375,스프링북 스도쿠 2(고급 고수),"7,500","6,750",10%,5%,370,스도쿠 존 연구소 외,시간과공간사,20180108,취미/실용/스포츠
28,9791199242722,S000221250698,두뇌 트레이닝 스도쿠 : 초급.중급,"11,000","9,900",10%,5%,550,브레인 로직,수피아(supia),20260930,취미/실용/스포츠
29,8809499071070,S000221268822,뿌미맘 가계부 (2027),"17,000","11,900",30%,0%,0,상큼한 뿌미맘 차지선,시원북스,20260916,취미/실용/스포츠
30,9791158952051,S000221281269,자르지 않고 한 장으로 접는 곤충 종이접기,"18,000","16,200",10%,5%,900,후지모토 무네지,봄봄스쿨,20260914,취미/실용/스포츠
31,9788979294958,S000221161798,캔디 컬러 코바늘 뜨개,"16,800","15,120",10%,5%,840,코로루루,온밤,20260910,취미/실용/스포츠
32,9788964948071,S000220996814,슈퍼 가쿠로 초급 중급,"8,800","7,920",10%,5%,440,퍼즐러 미디어 리미티드,보누스,20260910,취미/실용/스포츠
33,8800319848346,S000221242509,"하루 한 장, 100일의 두뇌 훈련 스도쿠 챌린지: Easy","7,800","3,900",50%,0%,0,참돌 편집부,참돌,20260908,취미/실용/스포츠
34,9791136043740,S000221048964,2027 에듀윌 스포츠지도사 필기 한권끝장(빈출이론+기출문제+모의고사+무료특강),"32,000","28,800",10%,5%,"1,600",정수봉 외,에듀윌,20260902,취미/실용/스포츠
35,9791155362495,S000220735625,독학으로 시작하는 재봉틀,"25,000","22,500",10%,5%,"1,250",제리,즐거운상상,20260811,취미/실용/스포츠
36,9791159434921,S000220120519,운동제어와 학습의 역동성,"38,000","38,000",0%,3%,"1,140",류영욱,범문에듀케이션,20260701,취미/실용/스포츠
37,9791188554959,S000220165865,모티브 연결 패턴과 베리에이션,"17,500","15,750",10%,5%,870,사카이 하나,지금이책,20260620,취미/실용/스포츠
38,9791124370674,S000220110931,골프 스윙의 정석,"22,000","19,800",10%,5%,"1,100",김민준,모티브,20260607,취미/실용/스포츠
39,9791185676883,S000220104067,츠무기 공방의 대바늘 뜨개 인형,"18,000","16,200",10%,5%,900,츠무기 공방,윌스타일(WILLSTYLE),20260526,취미/실용/스포츠
40,9791124392003,S000219550425,SUDOKU 스도쿠,"8,500","7,650",10%,5%,420,다온북스 편집부,다온북스,20260327,취미/실용/스포츠
41,9791194687450,S000219607553,미꽃체 마스터북,"18,800","16,920",10%,5%,940,미꽃 최현미,시원북스,20260310,취미/실용/스포츠
42,9791191834505,S000219252364,2026 장승규의 스포츠경영관리사 실기 키포인트,"28,000","25,200",10%,5%,"1,400",장승규,지식닷컴,20260201,취미/실용/스포츠
43,9791193810088,S000218268813,겨울정원,"28,000","25,200",10%,5%,"1,400",김장훈,가지,20251115,취미/실용/스포츠
44,9791138847742,S000218083366,반셀프 인테리어 교과서,"22,000","19,800",10%,5%,"1,100",미대오빠(이제희),좋은땅,20250917,취미/실용/스포츠
45,9791188554881,S000217394934,대바늘 손뜨개의 시작코 & 코막음 핸드북,"18,000","16,200",10%,5%,900,니시무라 도모코,지금이책,20250830,취미/실용/스포츠
46,9788920053535,S000217135131,DK 개 백과사전,"44,000","39,600",10%,5%,"2,200",DK 백과사전 편집위원회,지식의날개,20250818,취미/실용/스포츠
47,9791191895407,S000217222617,The 모두의 스도쿠 No1,"4,900","4,410",10%,5%,240,스도쿠 크리에이터,랜딩북스,20250808,취미/실용/스포츠
48,9788927813392,S000217164418,당신은 사건 현장에 있습니다 1 2 3 Special Edition,"84,000","75,600",10%,5%,"4,200",모데스토 가르시아,중앙북스,20250728,취미/실용/스포츠
49,9791185676814,S000216667864,M·L·XL 사이즈로 뜨는 남자 니트 셀렉션,"18,000","16,200",10%,5%,900,일본 보그사,윌스타일(WILLSTYLE),20250523,취미/실용/스포츠
50,9791192179193,S000216683290,데코폴리 스티커 컬러링 북: 꽃과 소녀,"24,000","21,600",10%,5%,"1,200",DNA디자인 편집부,DNA디자인,20250520,취미/실용/스포츠
51,9791194383154,S000216256002,"그랑프리, 그림으로 보는 F1 역사","36,000","36,000",0%,5%,"1,800",윌 벅스턴,골든래빗(주),20250401,취미/실용/스포츠
52,9791197831782,S000216063724,포에버 도그 라이프,"28,500","25,650",10%,5%,"1,420",로드니 하비브 외,코쿤북스,20250323,취미/실용/스포츠
53,9788956545745,S000215816924,체육수업모형,"34,000","30,600",10%,5%,"1,700",Michael Meltzer 외,대한미디어,20250301,취미/실용/스포츠
54,9791193712610,S000214883112,대바늘 뜨개 대백과,"75,000","67,500",10%,5%,"3,750",보그 니팅 매거진 편집부,한스미디어,20241129,취미/실용/스포츠
55,9791167184764,S000214598998,나의 첫 손뜨개: 3일 안에 만드는 모자와 목도리,"19,800","17,820",10%,1%,190,미카 외,제우미디어,20241024,취미/실용/스포츠
56,9791193712566,S000214597692,대바늘 니트 사이즈 조정 핸드북,"18,500","16,650",10%,5%,920,일본 보그사,한스미디어,20241023,취미/실용/스포츠
57,9788978497084,S000214081184,현대 축구 전술 바이블,"20,000","18,000",10%,5%,"1,000",토비아스 에셔,삼호미디어,20240830,취미/실용/스포츠
58,9791197776991,S000213900306,두뇌가 좋아하는 스도쿠 3(고급/고수),"11,000","9,900",10%,5%,550,수피아 편집기획팀,수피아,20240731,취미/실용/스포츠
59,9791188554799,S000212675564,아무히비 니트 북,"16,800","15,120",10%,5%,840,우메모토 미키코,지금이책,20240330,취미/실용/스포츠
60,9788993245509,S000212650166,파크골프 표준교재(2024),"14,000","12,600",10%,5%,700,대한파크골프협회,대한파크골프협회,20240222,취미/실용/스포츠
61,9788901276526,S000210964535,김대리의 데일리 뜨개,"21,000","18,900",10%,5%,"1,050",바늘이야기 김대리,웅진리빙하우스,20231108,취미/실용/스포츠
62,9791161507200,S000202801381,New 미꽃체 손글씨 노트,"16,700","15,030",10%,5%,830,최현미(미꽃),시원북스,20230627,취미/실용/스포츠
63,9791160078992,S000201081405,손뜨개꽃길의 사계절 코바늘 플라워,"22,000","19,800",10%,5%,"1,100",박경조,한스미디어,20230228,취미/실용/스포츠
64,9791197225833,S000201425204,유니버셜 웨이트 타로카드 북세트(한글판),"32,000","28,800",10%,5%,"1,600",유에스게임즈 외,운트,20230225,취미/실용/스포츠
65,9788959529605,S000000900002,네모네모 로직 Plus: 고급편 1,"12,000","10,800",10%,1%,120,제우미디어,제우미디어,20200918,취미/실용/스포츠
66,9788959528967,S000000899988,네모네모 로직 Plus 1,"12,000","10,800",10%,5%,600,제우미디어,제우미디어,20200520,취미/실용/스포츠
67,9791196535049,S000001977637,스도쿠 2(중급/고급),"7,000","6,300",10%,5%,350,수피아편집기획팀,수피아(supia),20190527,취미/실용/스포츠
68,9788964898796,S000001012633,홀덤의 정석: 입문편,"22,000","19,800",10%,5%,"1,100",J. K. H.,생각나눔,20180814,취미/실용/스포츠
69,9788964943236,S000001013139,멘사 스도쿠 프리미어 500,"8,800","7,920",10%,5%,440,피터 고든 외,보누스,20180115,취미/실용/스포츠
70,9788964942789,S000001013103,슈퍼 스도쿠 인피니티,"7,000","6,300",10%,5%,350,마인드 게임,보누스,20170224,취미/실용/스포츠
71,9788988060391,S000001391156,크툴루의 부름: 수호자 룰북,"38,000","34,200",10%,5%,"1,900",샌디 피터슨 외,초여명,20161130,취미/실용/스포츠
72,9788988060261,S000001391143,피아스코,"16,000","14,400",10%,5%,800,제이슨 모닝스타,초여명,20150228,취미/실용/스포츠
73,9791143419354,S000221162183,2027 시대에듀 건강운동관리사 필기+실기 한권으로 끝내기,"35,000","31,500",10%,5%,"1,750",강명성 외,시대고시기획,20261008,취미/실용/스포츠
74,9791143419361,S000221162191,2027 시대에듀 건강운동관리사 필기 7개년 기출문제집 한권으로 끝내기,"30,000","27,000",10%,5%,"1,500",김현규 외,시대고시기획,20261008,취미/실용/스포츠
75,9788979294972,S000221373599,털몽치의 매일 들고 싶은 코바늘 가방,"16,800","15,120",10%,5%,840,털몽치(장예윤),온밤,20261001,취미/실용/스포츠
76,9791169780926,S000221063661,20262027 아스널 가이드북,"18,000","16,200",10%,5%,900,이완우,브레인스토어,20260928,취미/실용/스포츠
77,9788964980958,S000221364445,스포츠 근손상과 근골격계 초음파,"95,000","85,500",10%,5%,"4,750",정효준 외,신흥메드싸이언스,20260918,취미/실용/스포츠
78,9791174578365,S000221354800,K코치와 함께 시작하는 인생 첫 러닝,"20,000","18,000",10%,5%,"1,000",케이만석,이담북스,20260918,취미/실용/스포츠
79,9791122041408,S000221164722,쇼와인테리어스타일,"28,500","25,650",10%,5%,"1,420",그래픽샤 편집부,청담출판사,20260915,취미/실용/스포츠
80,8809479180228,S000221358513,2027 맘마미아 가계부,"12,000","10,800",10%,5%,540,맘마미아,진서원,20260915,취미/실용/스포츠
81,9791198547330,S000219569744,KKF 독 피트니스 1,"35,000","31,500",10%,5%,"1,750",신덕호 외 11명,한국애견연맹,20260911,취미/실용/스포츠
82,9791169780919,S000220871056,20262027 리버풀 가이드북,"18,000","16,200",10%,5%,900,남윤성,브레인스토어,20260911,취미/실용/스포츠
83,9788962065992,S000221109437,스포츠심리학의 정석,"27,000","24,300",10%,5%,"1,350",김병준,레인보우북스,20260901,취미/실용/스포츠
84,9791167376732,S000220870305,러브 클로젯 연구실,"22,000","19,800",10%,5%,"1,100",맥시,은행나무,20260831,취미/실용/스포츠
85,9791167376725,S000220870312,루시드 드림 연구실,"22,000","19,800",10%,5%,"1,100",맹수상점,은행나무,20260831,취미/실용/스포츠
86,9791124272732,S000221048343,크로셰 훅 아웃!,"33,000","29,700",10%,5%,"1,650",몰라 밀스,한스미디어,20260828,취미/실용/스포츠
87,9791169021258,S000221162963,매출 1위 트레이너의 초단기 성장 노하우 47가지,"18,000","16,200",10%,5%,900,김영수,이새의나무,20260828,취미/실용/스포츠
88,9791124392119,S000221144936,스도쿠(SUDOKU) 3,"8,500","7,650",10%,5%,420,다온북스 편집부,다온북스,20260828,취미/실용/스포츠
89,8809883770206,S000221031943,"2027 CALENDAR  적정, 고요를 마주하다(탁상용)(달력)","15,000","13,500",10%,5%,680,유동영,불광출판사,20260825,취미/실용/스포츠
90,9791174577108,S000220859625,나무 의자,"33,000","29,700",10%,5%,"1,650",이경찬,크루,20260814,취미/실용/스포츠
91,9791199485310,S000220844639,6개월 만에 싱글,"13,000","11,700",10%,5%,650,김동민,미디어쉼,20260814,취미/실용/스포츠
92,9791199701748,S000220701270,가장쉽게 파크골프,"20,000","18,000",10%,5%,"1,000",천은실,시리쌤,20260811,취미/실용/스포츠
93,9791191895506,S000220694419,The 스도쿠 퍼즐(고급),"4,900","4,410",10%,5%,240,스도쿠 크리에이터,랜딩북스,20260807,취미/실용/스포츠
94,9791199358775,S000220499922,축구 연습 메뉴 200,"20,000","18,000",10%,5%,"1,000",스에모토 료타,삼호북스,20260710,취미/실용/스포츠
95,9791124147023,S000220447987,강아지가 하는 말,"17,000","15,300",10%,5%,850,릴리 친,책공장더불어,20260707,취미/실용/스포츠
96,9791199290020,S000220454031,일본 게임의 역사: 비디오 게임 연대기 1972-2026,"16,800","15,120",10%,5%,840,이와사키 히로마사,문예사학,20260701,취미/실용/스포츠
97,9791168226067,S000220307639,더포스 현이쌤의 알짜 수영 레슨,"22,000","19,800",10%,5%,"1,100",이현이,서사원,20260630,취미/실용/스포츠
98,9791167695284,S000220307609,지금 바로 쓸 수 있는 마작 테크닉 136,"16,000","14,400",10%,5%,800,센바 쿠로노,길찾기,20260630,취미/실용/스포츠
99,9791194793700,S000220049294,스포츠의학으로 읽는 목과 어깨,"26,000","23,400",10%,5%,"1,300",이동진,현익출판,20260622,취미/실용/스포츠
100,9791192366692,S000220281327,진짜 기본 홈가드닝책,"28,000","25,200",10%,5%,"1,400",신선아,레시피팩토리,20260618,취미/실용/스포츠
