order_id,order_date,actual_order_total,predicted_order_total,residual,abs_error,model
51,2026-06-15,1877000,605528.7157093994,1271471.2842906006,1271471.2842906006,Random Forest
21,2026-06-19,1767000,756889.6547057175,1010110.3452942825,1010110.3452942825,Random Forest
145,2026-05-27,1863000,861784.7082709316,1001215.2917290684,1001215.2917290684,Random Forest
96,2026-05-11,1690000,694946.1797249587,995053.8202750413,995053.8202750413,Random Forest
183,2026-05-23,1685000,745836.3161177052,939163.6838822948,939163.6838822948,Random Forest
168,2026-06-11,10000,897415.3943142913,-887415.3943142913,887415.3943142913,Random Forest
15,2026-05-23,1677000,849179.5424263269,827820.4575736731,827820.4575736731,Random Forest
179,2026-07-08,86000,904745.8545315907,-818745.8545315907,818745.8545315907,Random Forest
282,2026-04-24,1566000,758941.2927769254,807058.7072230746,807058.7072230746,Random Forest
73,2026-06-14,72000,871636.1440703977,-799636.1440703977,799636.1440703977,Random Forest
194,2026-05-19,257000,1022543.6489467992,-765543.6489467992,765543.6489467992,Random Forest
36,2026-05-04,92000,854947.3744694273,-762947.3744694273,762947.3744694273,Random Forest
76,2026-06-14,1671000,925121.6130312476,745878.3869687524,745878.3869687524,Random Forest
251,2026-06-06,1334000,652196.6233804182,681803.3766195818,681803.3766195818,Random Forest
164,2026-06-10,1490000,859527.7141522191,630472.2858477809,630472.2858477809,Random Forest
201,2026-04-30,175000,740007.2778058144,-565007.2778058144,565007.2778058144,Random Forest
28,2026-04-18,306000,860265.4152442269,-554265.4152442269,554265.4152442269,Random Forest
283,2026-05-24,284000,834213.0202983577,-550213.0202983577,550213.0202983577,Random Forest
1,2026-05-07,1436000,887155.1296649827,548844.8703350173,548844.8703350173,Random Forest
264,2026-07-05,102000,640588.2836079183,-538588.2836079183,538588.2836079183,Random Forest
272,2026-06-25,344000,873594.5236337305,-529594.5236337305,529594.5236337305,Random Forest
138,2026-04-15,1119000,594295.9559839738,524704.0440160262,524704.0440160262,Random Forest
45,2026-06-03,308000,815874.3814897834,-507874.3814897834,507874.3814897834,Random Forest
124,2026-04-14,1261000,755320.0954001279,505679.90459987207,505679.90459987207,Random Forest
180,2026-06-07,376000,874880.304909544,-498880.30490954395,498880.30490954395,Random Forest
256,2026-07-01,1265000,768615.0307489637,496384.9692510363,496384.9692510363,Random Forest
69,2026-05-13,1187000,721396.5098000125,465603.49019998754,465603.49019998754,Random Forest
274,2026-05-25,420000,867174.837997729,-447174.83799772896,447174.83799772896,Random Forest
212,2026-06-25,359000,804329.8021477294,-445329.80214772944,445329.80214772944,Random Forest
205,2026-05-11,355000,796800.1071320038,-441800.10713200376,441800.10713200376,Random Forest
259,2026-05-11,252000,693181.921175588,-441181.92117558804,441181.92117558804,Random Forest
215,2026-06-07,1093000,654450.3954524724,438549.6045475276,438549.6045475276,Random Forest
165,2026-04-26,1231000,876188.1173313413,354811.88266865874,354811.88266865874,Random Forest
135,2026-04-20,560000,864942.0954991574,-304942.09549915744,304942.09549915744,Random Forest
285,2026-06-30,1160000,858658.9210448273,301341.0789551727,301341.0789551727,Random Forest
225,2026-04-30,1035000,737528.1339674972,297471.86603250285,297471.86603250285,Random Forest
54,2026-04-25,412000,707885.7466272833,-295885.7466272833,295885.7466272833,Random Forest
113,2026-04-23,602000,883868.1525873359,-281868.1525873359,281868.1525873359,Random Forest
63,2026-06-03,431000,712207.0046472418,-281207.0046472418,281207.0046472418,Random Forest
41,2026-04-17,1059000,788081.9012510536,270918.09874894645,270918.09874894645,Random Forest
140,2026-04-29,1034000,775315.9640533044,258684.0359466956,258684.0359466956,Random Forest
40,2026-05-24,738000,961355.7842753648,-223355.78427536483,223355.78427536483,Random Forest
33,2026-05-17,504000,724513.494155068,-220513.49415506795,220513.49415506795,Random Forest
22,2026-05-25,854000,694687.308016201,159312.69198379898,159312.69198379898,Random Forest
223,2026-04-21,681000,821300.4165520151,-140300.41655201511,140300.41655201511,Random Forest
48,2026-07-05,923000,782795.9275988174,140204.0724011826,140204.0724011826,Random Forest
47,2026-05-26,685000,812663.4255903196,-127663.42559031956,127663.42559031956,Random Forest
34,2026-06-30,776000,884551.4878939715,-108551.4878939715,108551.4878939715,Random Forest
13,2026-06-02,963000,860518.4321084397,102481.56789156026,102481.56789156026,Random Forest
88,2026-04-28,772000,870932.9477789444,-98932.94777894439,98932.94777894439,Random Forest
130,2026-04-30,937000,1031222.4498714791,-94222.44987147907,94222.44987147907,Random Forest
279,2026-05-11,688000,622778.2769504891,65221.72304951085,65221.72304951085,Random Forest
263,2026-05-16,694000,734587.2805929306,-40587.28059293062,40587.28059293062,Random Forest
208,2026-05-05,558000,598281.4594861193,-40281.45948611933,40281.45948611933,Random Forest
128,2026-04-22,932000,969652.1130472413,-37652.11304724135,37652.11304724135,Random Forest
258,2026-05-09,910000,913491.6744105422,-3491.6744105422404,3491.6744105422404,Random Forest
