record_id,source_index,actual_is_cancelled,predicted_is_cancelled,cancel_probability,model,threshold
test_0001,28,0,1,0.5761201797621015,Logistic Regression,0.2
test_0002,146,0,1,0.4625590463418065,Logistic Regression,0.2
test_0003,211,0,1,0.4066853023835981,Logistic Regression,0.2
test_0004,125,0,1,0.8293637775326633,Logistic Regression,0.2
test_0005,77,0,1,0.883050237566039,Logistic Regression,0.2
test_0006,237,1,1,0.44109288105958333,Logistic Regression,0.2
test_0007,130,0,1,0.46327593721868926,Logistic Regression,0.2
test_0008,1,0,1,0.33624645368375683,Logistic Regression,0.2
test_0009,185,1,1,0.5638688670241626,Logistic Regression,0.2
test_0010,174,0,1,0.6468799538240168,Logistic Regression,0.2
test_0011,229,0,0,0.19088766685662809,Logistic Regression,0.2
test_0012,69,0,0,0.14102001711476786,Logistic Regression,0.2
test_0013,199,1,0,0.1696131636886057,Logistic Regression,0.2
test_0014,243,0,1,0.6369649723387761,Logistic Regression,0.2
test_0015,241,1,1,0.7749898856308999,Logistic Regression,0.2
test_0016,76,0,1,0.24148019638441254,Logistic Regression,0.2
test_0017,138,0,1,0.5889784629999114,Logistic Regression,0.2
test_0018,123,0,1,0.24460280938191384,Logistic Regression,0.2
test_0019,142,0,1,0.4798782021825257,Logistic Regression,0.2
test_0020,207,0,1,0.4138634306007177,Logistic Regression,0.2
test_0021,238,1,1,0.5650743339419446,Logistic Regression,0.2
test_0022,96,0,1,0.5085416889408487,Logistic Regression,0.2
test_0023,154,1,1,0.7613261893310358,Logistic Regression,0.2
test_0024,63,0,1,0.21463891309248853,Logistic Regression,0.2
test_0025,203,0,1,0.7000334497217954,Logistic Regression,0.2
test_0026,242,0,1,0.34795952229397503,Logistic Regression,0.2
test_0027,181,0,1,0.6021584732369342,Logistic Regression,0.2
test_0028,86,0,1,0.42871627384790073,Logistic Regression,0.2
test_0029,66,0,1,0.2539067673178379,Logistic Regression,0.2
test_0030,201,0,1,0.4478341267456083,Logistic Regression,0.2
test_0031,20,0,1,0.2610757979487666,Logistic Regression,0.2
test_0032,145,0,1,0.2057419422183478,Logistic Regression,0.2
test_0033,113,1,1,0.5933729222586299,Logistic Regression,0.2
test_0034,239,1,1,0.36482480737336004,Logistic Regression,0.2
test_0035,206,1,1,0.24786960971916489,Logistic Regression,0.2
test_0036,213,1,0,0.16805514390254989,Logistic Regression,0.2
test_0037,246,0,1,0.31931715191605947,Logistic Regression,0.2
test_0038,170,1,1,0.48058859035091545,Logistic Regression,0.2
test_0039,99,0,1,0.4122889748819354,Logistic Regression,0.2
test_0040,234,0,1,0.8300376296213267,Logistic Regression,0.2
test_0041,61,1,1,0.4665015598946473,Logistic Regression,0.2
test_0042,87,1,1,0.35354300074160594,Logistic Regression,0.2
test_0043,141,0,1,0.3399903917080384,Logistic Regression,0.2
test_0044,50,0,1,0.6399756973452343,Logistic Regression,0.2
test_0045,157,0,1,0.32052717910875805,Logistic Regression,0.2
test_0046,29,0,1,0.4903121962642226,Logistic Regression,0.2
test_0047,224,0,0,0.12266782714808187,Logistic Regression,0.2
test_0048,162,0,1,0.35154848010197154,Logistic Regression,0.2
test_0049,176,0,1,0.4930734970185771,Logistic Regression,0.2
test_0050,72,0,1,0.5911666843072791,Logistic Regression,0.2
