record_id,actual_is_cancelled,predicted_is_cancelled,cancel_probability,model,threshold
test_0001,0,1,0.5761201797621015,Logistic Regression,0.2
test_0002,0,1,0.4625590463418065,Logistic Regression,0.2
test_0003,0,1,0.4066853023835981,Logistic Regression,0.2
test_0004,0,1,0.8293637775326633,Logistic Regression,0.2
test_0005,0,1,0.883050237566039,Logistic Regression,0.2
test_0006,1,1,0.44109288105958333,Logistic Regression,0.2
test_0007,0,1,0.46327593721868926,Logistic Regression,0.2
test_0008,0,1,0.33624645368375683,Logistic Regression,0.2
test_0009,1,1,0.5638688670241626,Logistic Regression,0.2
test_0010,0,1,0.6468799538240168,Logistic Regression,0.2
test_0011,0,0,0.19088766685662809,Logistic Regression,0.2
test_0012,0,0,0.14102001711476786,Logistic Regression,0.2
test_0013,1,0,0.1696131636886057,Logistic Regression,0.2
test_0014,0,1,0.6369649723387761,Logistic Regression,0.2
test_0015,1,1,0.7749898856308999,Logistic Regression,0.2
test_0016,0,1,0.24148019638441254,Logistic Regression,0.2
test_0017,0,1,0.5889784629999114,Logistic Regression,0.2
test_0018,0,1,0.24460280938191384,Logistic Regression,0.2
test_0019,0,1,0.4798782021825257,Logistic Regression,0.2
test_0020,0,1,0.4138634306007177,Logistic Regression,0.2
test_0021,1,1,0.5650743339419446,Logistic Regression,0.2
test_0022,0,1,0.5085416889408487,Logistic Regression,0.2
test_0023,1,1,0.7613261893310358,Logistic Regression,0.2
test_0024,0,1,0.21463891309248853,Logistic Regression,0.2
test_0025,0,1,0.7000334497217954,Logistic Regression,0.2
test_0026,0,1,0.34795952229397503,Logistic Regression,0.2
test_0027,0,1,0.6021584732369342,Logistic Regression,0.2
test_0028,0,1,0.42871627384790073,Logistic Regression,0.2
test_0029,0,1,0.2539067673178379,Logistic Regression,0.2
test_0030,0,1,0.4478341267456083,Logistic Regression,0.2
test_0031,0,1,0.2610757979487666,Logistic Regression,0.2
test_0032,0,1,0.2057419422183478,Logistic Regression,0.2
test_0033,1,1,0.5933729222586299,Logistic Regression,0.2
test_0034,1,1,0.36482480737336004,Logistic Regression,0.2
test_0035,1,1,0.24786960971916489,Logistic Regression,0.2
test_0036,1,0,0.16805514390254989,Logistic Regression,0.2
test_0037,0,1,0.31931715191605947,Logistic Regression,0.2
test_0038,1,1,0.48058859035091545,Logistic Regression,0.2
test_0039,0,1,0.4122889748819354,Logistic Regression,0.2
test_0040,0,1,0.8300376296213267,Logistic Regression,0.2
test_0041,1,1,0.4665015598946473,Logistic Regression,0.2
test_0042,1,1,0.35354300074160594,Logistic Regression,0.2
test_0043,0,1,0.3399903917080384,Logistic Regression,0.2
test_0044,0,1,0.6399756973452343,Logistic Regression,0.2
test_0045,0,1,0.32052717910875805,Logistic Regression,0.2
test_0046,0,1,0.4903121962642226,Logistic Regression,0.2
test_0047,0,0,0.12266782714808187,Logistic Regression,0.2
test_0048,0,1,0.35154848010197154,Logistic Regression,0.2
test_0049,0,1,0.4930734970185771,Logistic Regression,0.2
test_0050,0,1,0.5911666843072791,Logistic Regression,0.2
